date,HPG,TCB,FPT,PNJ,FRT,MWG,MBB,VNINDEX,W,D,E1,E0,DR,DR(VNI),CR,Sharpe,MaxDrawdown,YR
14/08/2026,21250.0,32000.0,68300.0,36500.0,142900.0,72400.0,20000.0,1729.08,0.0,0.0,70270000.0,68878000.0,0.02020964604082581,-0.020700826333943212,0.49322325136506207,-0.9855835531185052,-0.6209609148329583,-0.48932922412146074
13/08/2026,21700.0,31700.0,69200.0,35300.0,146900.0,73600.0,20150.0,1765.63,0.0,0.0,68878000.0,69274000.0,-0.005716430406790427,-0.015363767162248076,0.46364353362064525,-0.9855835531185052,-0.6209609148329583,-0.48932922412146074
12/08/2026,22100.0,31500.0,70800.0,35050.0,148000.0,74000.0,20450.0,1793.18,0.0,0.0,69274000.0,69042000.0,0.0033602734567364794,0.011148014277578167,0.47205845332379814,-0.9855835531185052,-0.6209609148329583,-0.48932922412146074
11/08/2026,22050.0,31000.0,71200.0,34850.0,146500.0,73200.0,20500.0,1773.41,0.0,0.0,69042000.0,71099000.0,-0.028931489894372636,-0.0018910720014407856,0.4671285003663954,-0.9855835531185052,-0.6209609148329583,-0.48932922412146074
10/08/2026,22100.0,31350.0,71800.0,35950.0,137000.0,73000.0,20200.0000000833,1776.77,0.0,0.0,71099000.0,70570000.0,0.007496103159982995,0.004926303405992982,0.510839333268885,-0.9855835531185052,-0.6209609148329583,-0.48932922412146074
07/08/2026,22000.0,29700.0,70800.0,36000.0,132000.0,71000.0,24150.0,1768.06,0.0,0.0,70570000.0,71134000.0,-0.007928697950347232,0.0018585886059452328,0.49959819053411736,-0.9855835531185052,-0.6209609148329583,-0.48932922412146074
06/08/2026,21850.0,29200.0,70700.0,36450.0,132100.0,71200.0,23900.0,1764.78,0.0,0.0,71134000.0,73405000.0,-0.030937947006334718,-0.006574873625074584,0.5115830761719413,-0.9855835531185052,-0.6209609148329583,-0.48932922412146074
05/08/2026,22000.0,29650.0,70300.0,37900.0,135000.0,72200.0,24300.0,1776.46,0.0,0.0,73405000.0,70031000.0,0.0481786637346318,-0.00043325849777464676,0.5598413656816901,-0.9855835531185052,-0.6209609148329583,-0.48932922412146074
04/08/2026,22150.0,29650.0,71500.0,35450.0,133100.0,72100.0,24400.0,1777.23,0.0,0.0,70031000.0,66637000.0,0.050932665035940995,0.008162964307594667,0.4881445498270478,-0.9855835531185052,-0.6209609148329583,-0.48932922412146074
03/08/2026,22550.0,29950.0,71700.0,33150.0,133100.0,72500.0,24000.0,1762.84,0.0,0.0,66637000.0,60883000.0,0.09450914048256492,0.015589533235778719,0.4160227380278019,-0.9855835531185052,-0.6209609148329583,-0.48932922412146074
31/07/2026,21700.0,28950.0,67100.0,31000.0,124400.0,69900.0,22500.0,1735.78,0.0,0.0,60883000.0,63322000.0,-0.03851741890654117,-0.005089816927080437,0.29375140476532047,-0.9855835531185052,-0.6209609148329583,-0.48932922412146074
30/07/2026,21800.0,29300.0,67000.0,32500.0,116300.0,69800.0,22500.0,1744.66,0.0,0.0,63322000.0,62806000.0,0.008215775562844314,0.023453082103386036,0.3455796602097403,-0.9855835531185052,-0.6209609148329583,-0.48932922412146074
29/07/2026,21650.0,28400.0,65100.0,32750.0,108700.0,66500.0,22100.0,1704.68,0.0,0.0,62806000.0,61530000.0,0.020737851454575004,0.014316145232116773,0.33461476483896524,-0.9855835531185052,-0.6209609148329583,-0.48932922412146074
28/07/2026,21000.0,28500.0,63000.0,32650.0,107700.0,65200.0,22150.0,1680.62,0.0,0.0,61530000.0,61299000.0,0.0037684138403562863,0.006956219555305232,0.3075000235732497,-0.9855835531185052,-0.6209609148329583,-0.48932922412146074
27/07/2026,20350.0,28250.0,62200.0,32900.0,107800.0,63300.0,21650.0,1669.01,0.0,5000000.0,61299000.0,53372000.0,0.050143904611800176,-0.010141687078541683,0.30259132041307724,-0.9855835531185052,-0.6209609148329583,-0.48932922412146074
24/07/2026,20800.0,28600.0,62900.0,30750.0,107800.0,68000.0,21900.0,1686.11,0.0,0.0,53372000.0,57837000.0,-0.07719971644449056,-0.007808730242794604,0.2403931639203274,-0.9855835531185052,-0.6209609148329583,-0.48932922412146074
23/07/2026,20800.0,29250.0,64700.0,33050.0,109000.0,71500.0,22050.0,1699.38,0.0,10000000.0,57837000.0,51648000.0,-0.06181871269140929,0.01848932893025612,0.34416209663606345,-0.9855835531185052,-0.6209609148329583,-0.48932922412146074
22/07/2026,20700.0,29000.0,64600.0,35500.0,105000.0,70600.0,22350.0,1668.53,0.0,0.0,51648000.0,56092000.0,-0.07922698424017685,-0.03584388868343191,0.43273172767294366,-0.9855835531185052,-0.6209609148329583,-0.48932922412146074
21/07/2026,20800.0,29800.0,64800.0,38150.0,110900.0,75900.0,22700.0,1730.56,0.0,0.0,56092000.0,61499000.0,-0.08792012878258183,-0.007427545583334805,0.5560096822457936,-0.9855835531185052,-0.6209609148329583,-0.48932922412146074
20/07/2026,20600.0,29950.0,67100.0,41000.0,109900.0,75200.0,22800.0,1743.51,0.0,0.0,61499000.0,65359000.0,-0.059058431126547226,-0.024582505804358168,0.7060015590179358,-0.9855835531185052,-0.6209609148329583,-0.48932922412146074
17/07/2026,21850.0,31450.0,67000.0,43000.0,111800.0,76700.0,23750.0,1787.45,0.0,0.0,65359000.0,62598000.0,0.04410684047413655,-0.009305857313882782,0.8130791703255869,-0.9855835531185052,-0.6209609148329583,-0.48932922412146074
16/07/2026,22200.0,31900.0,68000.0,40900.0,111400.0,76700.0,24150.0,1804.24,0.0,0.0,62598000.0,66566000.0,-0.05961001111678635,0.01241218324243043,0.7364881638954253,-0.9855835531185052,-0.6209609148329583,-0.48932922412146074
15/07/2026,22400.0,31500.0,66800.0,43650.0,113000.0,76200.0,23950.0,1782.12,0.0,0.0,66566000.0,73280000.0,-0.09162117903930131,-0.01356669600305549,0.8465617290945857,-0.9855835531185052,-0.6209609148329583,-0.48932922412146074
14/07/2026,22500.0,32200.0,70300.0,46900.0,113600.0,76800.0,24550.0,1806.63,0.0,0.0,73280000.0,68451000.0,0.07054681450964924,0.0033823186377421877,1.032810196016754,-0.9855835531185052,-0.6209609148329583,-0.48932922412146074
13/07/2026,22400.0,32350.0,70500.0,43850.0,113300.0,76000.0,24450.0,1800.54,0.0,0.0,68451000.0,73138000.0,-0.06408433372528645,-0.015205049389063308,0.8988522206269489,-0.9855835531185052,-0.6209609148329583,-0.48932922412146074
10/07/2026,22950.0,32400.0,70600.0,46600.0,113900.0,76600.0,24650.0,1828.34,0.0,0.0,73138000.0,79363000.0,-0.07843705505084234,-0.006714836746889885,1.0288710714556952,-0.9855835531185052,-0.6209609148329583,-0.48932922412146074
09/07/2026,23200.0,33150.0,72100.0,50000.0,115500.0,78500.0,24750.0,1840.7,0.0,19626600.0,79363000.0,63623000.0,-0.046686110203532506,-0.007013001024977039,1.20155452492464,-0.9855835531185052,-0.6209609148329583,-0.48932922412146074
08/07/2026,23200.0,33750.0,72100.0,52000.0,116400.0,78800.0,26000.0,1853.7,0.0,25604565.0,63623000.0,36069000.0,0.031608923531500084,0.0029487352901393926,1.3093700285796444,-0.9855835531185052,-0.6209609148329583,-0.48932922412146074
07/07/2026,23100.0,33850.0,73200.0,50800.0,117000.0,77500.0,25750.0,1848.25,0.0,0.0,36069000.0,37119000.0,-0.02828739998383577,0.0025766205587198776,1.2386099769998045,-0.9855835531185052,-0.6209609148329583,-0.48932922412146074
06/07/2026,23100.0,33750.0,73000.0,54600.0,116200.0,78000.0,25300.0,1843.5,0.0,6294718.0,37119000.0,31016394.0,-0.0051489218547010876,-0.00997808901873165,1.3037778628810264,-0.9855835531185052,-0.6209609148329583,-0.48932922412146074
03/07/2026,23250.0,33600.0,72300.0,58700.0,120400.0,78900.0,25600.0,1862.08,0.0,0.0,31016394.0,31627394.0,-0.019318695685139282,-0.0022878881238781457,1.3157012275404676,-0.9855835531185052,-0.6209609148329583,-0.48932922412146074
02/07/2026,23400.0,33850.0,72500.0,63100.0,122000.0,79700.0,25650.0,1866.35,0.0,0.0,31627394.0,31814394.0,-0.005877842589112337,-0.00046058022397055254,1.3613188273822554,-0.9855835531185052,-0.6209609148329583,-0.48932922412146074
01/07/2026,23450.0,34300.0,72900.0,62700.0,122100.0,80000.0,25750.0,1867.21,0.0,0.0,31814394.0,30618394.0,0.03906148702639335,0.0038709469303928046,1.3752803513927536,-0.9855835531185052,-0.6209609148329583,-0.48932922412146074
30/06/2026,23300.0,33500.0,70200.0,63000.0,120000.0,78100.0,25200.0,1860.01,0.0,0.0,30618394.0,30902394.0,-0.009190226491837494,0.0027170250731818335,1.2859863261705304,-0.9855835531185052,-0.6209609148329583,-0.48932922412146074
29/06/2026,23650.0,33800.0,70400.0,63200.0,119000.0,79000.0,25100.0,1854.97,0.0,0.0,30902394.0,30986394.0,-0.0027108672277258205,-0.009049580375124933,1.3071899241329983,-0.9855835531185052,-0.6209609148329583,-0.48932922412146074
26/06/2026,23500.0,33400.0,70800.0,63500.0,124000.0,78500.0,24750.0,1871.91,0.0,0.0,30986394.0,31082394.0,-0.0030885651858090467,0.004744856607642234,1.3134614108542917,-0.9855835531185052,-0.6209609148329583,-0.48932922412146074
25/06/2026,23400.0,33400.0,71000.0,64100.0,127800.0,77200.0,24700.0,1863.07,0.0,0.0,31082394.0,31096394.0,-0.0004502129732469945,-0.007960511602645326,1.3206288242500555,-0.9855835531185052,-0.6209609148329583,-0.48932922412146074
24/06/2026,23500.0,32500.0,70800.0,65500.0,128800.0,77800.0,24800.0,1878.02,0.0,0.0,31096394.0,30933394.0,0.005269386217367548,0.004804605572914511,1.3216740720369375,-0.9855835531185052,-0.6209609148329583,-0.48932922412146074
23/06/2026,23300.0,32050.0,70800.0,65200.0,128800.0,76000.0,24800.0,1869.04,0.0,0.0,30933394.0,30950394.0,-0.0005492660287297151,0.005990602343493467,1.3095044013753805,-0.9855835531185052,-0.6209609148329583,-0.48932922412146074
22/06/2026,23600.0,30900.0,70600.0,66000.0,130500.0,77200.0,24800.0,1857.91,0.0,0.0,30950394.0,31425394.0,-0.015115164506767998,0.0182951225795136,1.3107736308308802,-0.9855835531185052,-0.6209609148329583,-0.48932922412146074
19/06/2026,23600.0,30950.0,71500.0,67100.0,130000.0,78000.0,25000.0,1824.53,0.0,0.0,31425394.0,31602394.0,-0.005600841505868195,-0.003245068206526258,1.3462373950286692,-0.9855835531185052,-0.6209609148329583,-0.48932922412146074
18/06/2026,23650.0,31200.0,71600.0,68000.0,130000.0,78700.0,25250.0,1830.47,0.0,0.0,31602394.0,32061394.0,-0.014316283315691139,0.013437050160558073,1.3594523134771084,-0.9855835531185052,-0.6209609148329583,-0.48932922412146074
17/06/2026,24000.0,31450.0,72300.0,68000.0,132000.0,79100.0,25200.0,1806.2,0.0,0.0,32061394.0,32559394.0,-0.015295124964549402,-0.0009624213192915843,1.3937215087756036,-0.9855835531185052,-0.6209609148329583,-0.48932922412146074
16/06/2026,24200.0,31750.0,73200.0,68200.0,130900.0,79400.0,25100.0,1807.94,0.0,0.0,32559394.0,32460394.0,0.00304987055918052,0.004796283019601999,1.430902465766128,-0.9855835531185052,-0.6209609148329583,-0.48932922412146074
15/06/2026,24350.0,31700.0,73600.0,65000.0,123800.0,79400.0,25200.0,1799.31,0.0,0.0,32460394.0,31569394.0,0.028223538278878586,0.00427538860826604,1.4235110707017467,-0.9855835531185052,-0.6209609148329583,-0.48932922412146074
12/06/2026,23200.0,31250.0,73500.0,62000.0,121000.0,76400.0,24850.0,1791.65,0.0,0.0,31569394.0,31413394.0,0.004966034552013068,-0.00386965490017277,1.3569885151223144,-0.9855835531185052,-0.6209609148329583,-0.48932922412146074
11/06/2026,23300.0,30850.0,73100.0,62000.0,119000.0,76900.0,24750.0,1798.61,0.0,0.0,31413394.0,32195394.0,-0.02428918869574946,-0.002827505530268226,1.3453414683541984,-0.9855835531185052,-0.6209609148329583,-0.48932922412146074
10/06/2026,23600.0,30950.0,74200.0,64000.0,121000.0,78200.0,24700.0,1803.71,0.0,446500.0,32195394.0,31602000.0,0.004583490646988158,0.005945177212013153,1.4037260233071902,-0.9855835531185052,-0.6209609148329583,-0.48932922412146074
09/06/2026,23550.0,30900.0,73700.0,64800.0,122400.0,77400.0,24650.0,1793.05,0.0,0.0,31602000.0,31197000.0,0.012982017501682853,0.0014074045115133327,1.392758835563885,-0.9855835531185052,-0.6209609148329583,-0.48932922412146074
08/06/2026,23300.0,30850.0,72900.0,65100.0,124500.0,76400.0,24600.0,1790.53,0.0,0.0,31197000.0,32380000.0,-0.0365348980852378,-0.026303768557289775,1.3620940887629427,-0.9855835531185052,-0.6209609148329583,-0.48932922412146074
05/06/2026,23750.0,31700.0,75000.0,65700.0,124800.0,78000.0,25000.0,1838.9,0.0,0.0,32380000.0,32813000.0,-0.013195989394447322,0.004012994458245878,1.4516654355913738,-0.9855835531185052,-0.6209609148329583,-0.48932922412146074
04/06/2026,23950.0,31450.0,76100.0,65000.0,127000.0,78400.0,25000.0,1831.55,0.0,0.0,32813000.0,33111000.0,-0.009000030201443628,0.006893859846839767,1.4844502142699119,-0.9855835531185052,-0.6209609148329583,-0.48932922412146074
03/06/2026,24150.0,31550.0,76500.0,65400.0,128100.0,78500.0,25200.0,1819.01,0.0,3704349.0,33111000.0,28530335.0,0.027185499941615683,-0.0040843813476268975,1.507013410681469,-0.9855835531185052,-0.6209609148329583,-0.48932922412146074
02/06/2026,23700.0,31900.0,74800.0,65000.0,127700.0,77900.0,24650.0,1826.47,0.0,0.0,28530335.0,27969335.0,0.020057681028168885,-0.009796480423303389,1.4406627730083472,-0.9855835531185052,-0.6209609148329583,-0.48932922412146074
01/06/2026,24050.0,32350.0,72900.0,65800.0,127100.0,79100.0,25100.0,1844.54,0.0,0.0,27969335.0,27467335.0,0.018276254321724333,-0.010169091328636082,1.392671334574214,-0.9855835531185052,-0.6209609148329583,-0.48932922412146074
29/05/2026,24000.0,32750.0,71600.0,65800.0,130200.0,76300.0,25000.0,1863.49,0.0,0.0,27467335.0,27292335.0,0.006412056718488909,-9.658362263709197e-05,1.349727124068092,-0.9855835531185052,-0.6209609148329583,-0.48932922412146074
28/05/2026,24000.0,32600.0,71200.0,65900.0,131000.0,77700.0,25000.0,1863.67,380000.0,0.0,27292335.0,28023334.999518633,-0.012525275793358005,-0.005740411751839258,1.3347565327561965,-0.9855835531185052,-0.6209609148329583,-0.48932922412146074
27/05/2026,24150.0,33650.0,72599.99999879659,65300.0,131000.0,80000.0,25400.0,1874.43,0.0,0.0,28023334.999518633,28752335.0,-0.02535446253256882,-0.0051746648409387586,1.3643709307415328,-0.9855835531185052,-0.6209609148329583,-0.48932922412146074
26/05/2026,24250.0,32900.0,74500.0,65200.0,130200.0,78500.0,25500.0,1884.18,0.0,0.0,28752335.0,28251335.0,0.017733675240479786,-0.0009808963802272475,1.4258777574514272,-0.9855835531185052,-0.6209609148329583,-0.48932922412146074
25/05/2026,24100.0,32550.0,73500.0,64300.0,130100.0,78700.0,24800.0,1886.03,0.0,0.0,28251335.0,28792335.0,-0.018789723028715802,0.004741280571936901,1.3836076337733618,-0.9855835531185052,-0.6209609148329583,-0.48932922412146074
22/05/2026,26350.0,32200.0,75100.0,65500.0,129300.0,79400.0,24650.0,1877.13,0.0,0.0,28792335.0,29437335.0,-0.02191095083845056,-0.010417051067800442,1.4292526176253246,-0.9855835531185052,-0.6209609148329583,-0.48932922412146074
21/05/2026,26550.0,32250.0,76500.0,65300.0,131400.0,79500.0,24800.0,1896.89,0.0,0.0,29437335.0,29797335.0,-0.012081617366116803,-0.008540530934597501,1.4836722379294205,-0.9855835531185052,-0.6209609148329583,-0.48932922412146074
20/05/2026,26200.0,32450.0,77700.0,65800.0,132000.0,77200.0,24600.0,1913.23,0.0,0.0,29797335.0,28552335.0,0.043604139556362026,0.00015682748453937911,1.5140459794944974,-0.9855835531185052,-0.6209609148329583,-0.48932922412146074
19/05/2026,26250.0,32600.0,74500.0,65000.0,132700.0,78200.0,25050.0,1912.93,66500.0,0.0,28552335.0,28862335.00006856,-0.008436600852563795,-0.007785511997261296,1.40900345658194,-0.9855835531185052,-0.6209609148329583,-0.48932922412146074
18/05/2026,26450.0,33300.00000068559,74900.0,64700.0,134000.0,79000.0,25500.0,1927.94,0.0,0.0,28862335.00006856,28177335.0,0.02431031891655333,0.0032993338884264034,1.4295001798707414,-0.9855835531185052,-0.6209609148329583,-0.48932922412146074
15/05/2026,26550.0,34050.0,72900.0,67300.0,134000.0,82000.0,25650.0,1921.6,0.0,0.0,28177335.0,28772335.0,-0.020679586832281775,-0.002004715756234954,1.3718399932166099,-0.9855835531185052,-0.6209609148329583,-0.48932922412146074
14/05/2026,27050.0,34000.0,73900.0,69500.0,136000.0,84200.0,25850.0,1925.46,0.0,0.0,28772335.0,27472335.0,0.047320331526242675,0.014270137012279083,1.4219243889184705,-0.9855835531185052,-0.6209609148329583,-0.48932922412146074
13/05/2026,27100.0,33600.0,70700.0,69600.0,137500.0,83700.0,25800.0,1898.37,0.0,0.0,27472335.0,27372335.0,0.0036533236934298808,-0.0014360107306296,1.3124962974690275,-0.9855835531185052,-0.6209609148329583,-0.48932922412146074
12/05/2026,26900.0,33800.0,70600.0,69500.0,138300.0,83800.0,25900.0,1901.1,0.0,0.0,27372335.0,27172335.0,0.00736042743474199,0.002954365602743314,1.3040787519729165,-0.9855835531185052,-0.6209609148329583,-0.48932922412146074
11/05/2026,27000.0,33800.0,70000.0,69100.0,138000.0,83500.0,26000.0,1895.5,190000.0,0.0,27172335.0,27895000.000526376,-0.019095357609475703,-0.010373974741172631,1.2872436609806943,-0.9855835531185052,-0.6209609148329583,-0.48932922412146074
08/05/2026,27350.00000131594,33850.0,71900.0,70100.0,145000.0,84600.0,26150.0,1915.37,0.0,0.0,27895000.000526376,28370000.0,-0.016743038402313146,0.003331569766528153,1.331769636043869,-0.9855835531185052,-0.6209609148329583,-0.48932922412146074
07/05/2026,27750.0,33700.0,73000.0,69100.0,145700.0,86000.0,26100.0,1909.01,0.0,0.0,28370000.0,28420000.0,-0.0017593244194229415,0.00941730118443318,1.3714753387100296,-0.9855835531185052,-0.6209609148329583,-0.48932922412146074
06/05/2026,27600.0,33900.0,73300.0,68000.0,147800.0,86000.0,26050.0,1891.2,0.0,0.0,28420000.0,28540000.0,-0.004204625087596356,0.008720697655812515,1.3756548863637308,-0.9855835531185052,-0.6209609148329583,-0.48932922412146074
05/05/2026,27300.0,33300.0,74300.0,67400.0,148900.0,84800.0,25950.0,1874.85,0.0,0.0,28540000.0,28505000.0,0.0012278547623223997,0.011213229345328646,1.3856858007326136,-0.9855835531185052,-0.6209609148329583,-0.48932922412146074
04/05/2026,27600.0,33550.0,73700.0,68300.0,148000.0,84900.0,26100.0,1854.06,0.0,0.0,28505000.0,29135000.0,-0.021623476917796466,-2.1573809395381005e-05,1.3827601173750228,-0.9855835531185052,-0.6209609148329583,-0.48932922412146074
29/04/2026,27750.0,33850.0,75500.0,67300.0,149000.0,84000.0,26050.0,1854.1,0.0,0.0,29135000.0,28880000.0,0.008829639889196677,-0.011589474582053949,1.4354224178116572,-0.9855835531185052,-0.6209609148329583,-0.48932922412146074
28/04/2026,27750.0,34600.0,74400.0,67000.0,147500.0,85600.0,26000.0,1875.84,0.0,0.0,28880000.0,28605000.0,0.009613703897919944,0.012167550680141748,1.4141067247777812,-0.9855835531185052,-0.6209609148329583,-0.48932922412146074
24/04/2026,27900.0,34250.0,73400.0,70000.0,144500.0,83500.0,26200.0,1853.29,0.0,0.0,28605000.0,28740000.0,-0.004697286012526096,-0.009126585256314268,1.3911192126824248,-0.9855835531185052,-0.6209609148329583,-0.48932922412146074
23/04/2026,27800.0,33300.0,74300.0,71700.0,146700.0,84500.0,26400.0,1870.36,0.0,0.0,28740000.0,28960000.0,-0.007596685082872928,0.007031712701232928,1.402403991347418,-0.9855835531185052,-0.6209609148329583,-0.48932922412146074
22/04/2026,28200.0,33000.0,74600.0,73333.33333333333,149900.0,86400.0,26200.0,1857.3,0.0,0.0,28960000.0,29220000.0,-0.00889801505817933,0.01299168793769212,1.4207940010237032,-0.9855835531185052,-0.6209609148329583,-0.48932922412146074
21/04/2026,28550.0,32700.0,75100.0,111900.0,151000.0,85600.0,26300.0,1833.48,0.0,0.0,29220000.0,29710000.0,-0.016492763379333558,-0.00197592958505477,1.4425276488229493,-0.9855835531185052,-0.6209609148329583,-0.48932922412146074
20/04/2026,28450.0,32600.0,76900.0,115000.0,150800.0,87300.0,26350.0,1837.11,0.0,0.0,29710000.0,29225000.0,0.016595380667236953,0.010973106533785915,1.4834872158292205,-0.9855835531185052,-0.6209609148329583,-0.48932922412146074
17/04/2026,28000.0,32250.0,76000.0,111000.0,152100.0,86900.0,26450.0,1817.17,0.0,0.0,29225000.0,28600000.0,0.021853146853146852,-0.0014616749916199767,1.4429456035883192,-0.9855835531185052,-0.6209609148329583,-0.48932922412146074
16/04/2026,27950.0,31900.0,74100.0,108900.0,151000.0,81300.0,26300.0,1819.83,0.0,0.0,28600000.0,28935000.0,-0.01157767409711422,0.010651709105045315,1.3907012579170548,-0.9855835531185052,-0.6209609148329583,-0.48932922412146074
15/04/2026,28050.0,31850.0,75100.0,109200.0,151000.0,80000.0,26600.0,1800.65,0.0,0.0,28935000.0,29485000.0,-0.01865355265389181,0.014079351223495573,1.4187042271968524,-0.9855835531185052,-0.6209609148329583,-0.48932922412146074
14/04/2026,28550.0,32050.0,76200.0,109500.0,150500.0,81600.0,26700.0,1775.65,0.0,0.0,29485000.0,29110000.0,0.01288217107523188,0.00948856142265897,1.4646792513875648,-0.9855835531185052,-0.6209609148329583,-0.48932922412146074
13/04/2026,27800.0,31900.0,76000.0,110000.0,149000.0,81300.0,26450.0,1758.96,0.0,0.0,29110000.0,29735000.0,-0.021019001177064067,0.005120000000000013,1.4333326439848064,-0.9855835531185052,-0.6209609148329583,-0.48932922412146074
10/04/2026,28000.0,32250.0,77700.0,109000.0,152000.0,81500.0,26700.0,1750.0,0.0,0.0,29735000.0,29880000.0,-0.0048527443105756355,0.007669806757721664,1.4855769896560709,-0.9855835531185052,-0.6209609148329583,-0.48932922412146074
09/04/2026,28250.0,30900.0,78300.0,110000.0,150000.0,80700.0,26500.0,1736.68,0.0,0.0,29880000.0,30000000.0,-0.004,-0.011311946713728593,1.497697677851804,-0.9855835531185052,-0.6209609148329583,-0.48932922412146074
08/04/2026,28000.0,30700.0,79100.0,107000.0,153100.0,81900.0,26600.0,1756.55,0.0,0.0,30000000.0,27790000.0,0.07952500899604174,0.04709872789918568,1.507728592220687,-0.9855835531185052,-0.6209609148329583,-0.48932922412146074
07/04/2026,26800.0,28700.0,74000.0,100000.0,149500.0,78000.0,25600.0,1677.54,0.0,0.0,27790000.0,27815000.0,-0.0008987956138774043,0.0015223971486397758,1.3229925859270963,-0.9855835531185052,-0.6209609148329583,-0.48932922412146074
06/04/2026,26850.0,29050.0,73900.0,104600.0,148000.0,78300.0,25650.0,1674.99,0.0,0.0,27815000.0,27835000.0,-0.0007185198491108317,-0.005373981615638512,1.3250823597539467,-0.9855835531185052,-0.6209609148329583,-0.48932922412146074
03/04/2026,26650.0,29750.0,74000.0,108800.0,152000.0,79300.0,25950.0,1684.04,0.0,0.0,27835000.0,28385000.0,-0.019376431213669193,-0.006360557463329419,1.3267541788154271,-0.9855835531185052,-0.6209609148329583,-0.48932922412146074
02/04/2026,27350.0,30350.0,74700.0,108900.0,154000.0,81800.0,26300.0,1694.82,0.0,0.0,28385000.0,28530000.0,-0.005082369435681739,-0.004762380133064847,1.3727292030061395,-0.9855835531185052,-0.6209609148329583,-0.48932922412146074
01/04/2026,27150.0,30800.0,75300.0,109300.0,157000.0,82400.0,26500.0,1702.93,0.0,0.0,28530000.0,28240000.0,0.010269121813031162,0.016984275809351024,1.3848498912018727,-0.9855835531185052,-0.6209609148329583,-0.48932922412146074
31/03/2026,26900.0,30700.0,74700.0,108000.0,157000.0,81800.0,26450.0,1674.49,0.0,0.0,28240000.0,28010000.0,0.008211353088182792,0.0071877969853357815,1.3606085148104063,-0.9855835531185052,-0.6209609148329583,-0.48932922412146074
30/03/2026,26900.0,30500.0,74000.0,108000.0,158000.0,80800.0,25750.0,1662.54,0.0,0.0,28010000.0,28495000.0,-0.017020529917529392,-0.00613342898134861,1.3413825956033807,-0.9855835531185052,-0.6209609148329583,-0.48932922412146074
27/03/2026,26500.0,30650.0,76100.0,109900.0,162500.0,81000.0,26150.0,1672.8,0.0,8000000.0,28495000.0,19635000.0,0.031119956576804778,0.01712847266558426,1.381924207844282,-0.9855835531185052,-0.6209609148329583,-0.48932922412146074
26/03/2026,25900.0,30150.0,74200.0,106000.0,158000.0,78500.0,25800.0,1644.63,0.0,0.0,19635000.0,20720000.0,-0.052364864864864864,-0.008177591228990644,1.3100359882006223,-0.9855835531185052,-0.6209609148329583,-0.48932922412146074
25/03/2026,26350.0,30800.0,77000.0,111000.0,158600.0,79200.0,26000.0,1658.19,0.0,0.0,20720000.0,19985000.0,0.03677758318739054,0.02688927834923871,1.437685035676949,-0.9855835531185052,-0.6209609148329583,-0.48932922412146074
24/03/2026,25950.0,29850.0,75400.0,108500.0,158000.0,76000.0,25600.0,1614.77,0.0,0.0,19985000.0,19020000.0,0.05073606729758149,0.014831853290345975,1.35121310028976,-0.9855835531185052,-0.6209609148329583,-0.48932922412146074
23/03/2026,25500.0,28900.0,73100.0,106300.0,150000.0,74200.0,25000.0,1591.17,0.0,0.0,19020000.0,19725000.0,-0.03574144486692015,-0.034372894933275,1.2376819198154236,-0.9855835531185052,-0.6209609148329583,-0.48932922412146074
20/03/2026,25900.0,29850.0,74600.0,114200.0,148600.0,79700.0,25950.0,1647.81,0.0,0.0,19725000.0,20725000.0,-0.04825090470446321,-0.03020369247791521,1.320624388452115,-0.9855835531185052,-0.6209609148329583,-0.48932922412146074
19/03/2026,26700.0,30050.0,76800.0,114900.0,149000.0,82400.0,26400.0,1699.13,0.0,0.0,20725000.0,21330000.0,-0.028363806844819504,-0.008577280126967013,1.4382732801353657,-0.9855835531185052,-0.6209609148329583,-0.48932922412146074
18/03/2026,26800.0,30300.0,78600.0,115000.0,149700.0,83700.0,26300.0,1713.83,0.0,0.0,21330000.0,21610000.0,-0.012956964368347987,0.0020698244157424384,1.5094508596037324,-0.9855835531185052,-0.6209609148329583,-0.48932922412146074
17/03/2026,26900.0,30300.0,79400.0,117700.0,152200.0,82700.0,26350.0,1710.29,0.0,0.0,21610000.0,21180000.0,0.020302171860245515,0.010087348881709923,1.5423925492750428,-0.9855835531185052,-0.6209609148329583,-0.48932922412146074
16/03/2026,26750.0,30200.0,78200.0,118000.0,150500.0,80600.0,26100.0,1693.21,0.0,0.0,21180000.0,20760000.0,0.02023121387283237,-0.0017863038249303909,1.4918035258512452,-0.9855835531185052,-0.6209609148329583,-0.48932922412146074
13/03/2026,26650.0,30000.0,77000.0,116900.0,149100.0,82000.0,26150.0,1696.24,0.0,0.0,20760000.0,21030000.0,-0.012838801711840228,-0.007820497072431709,1.4423909913442796,-0.9855835531185052,-0.6209609148329583,-0.48932922412146074
12/03/2026,26800.0,30000.0,77700.0,117900.0,153600.0,84600.0,26250.0,1709.61,0.0,0.0,21030000.0,22130000.0,-0.04970628106642567,-0.01083698809262068,1.4741561920987571,-0.9855835531185052,-0.6209609148329583,-0.48932922412146074
11/03/2026,27400.0,31100.0,80200.0,119000.0,155300.0,86500.0,26800.0,1728.34,0.0,0.0,22130000.0,21720000.0,0.018876611418047883,0.030780149457575012,1.603569972950333,-0.9855835531185052,-0.6209609148329583,-0.48932922412146074
10/03/2026,27100.0,30300.0,79500.0,113500.0,145200.0,81000.0,26550.0,1676.73,0.0,0.0,21720000.0,19835000.0,0.09503403075371818,0.014484598769353596,1.5553339273602003,-0.9855835531185052,-0.6209609148329583,-0.48932922412146074
09/03/2026,25350.0,29250.0,75900.0,106500.0,140100.0,77000.0,24850.0,1652.79,0.0,0.0,19835000.0,22525000.0,-0.11942286348501664,-0.06507941895194136,1.3335657665372733,-0.9855835531185052,-0.6209609148329583,-0.48932922412146074
06/03/2026,27250.0,31450.0,81600.0,114500.0,150600.0,82700.0,26700.0,1767.84,0.0,0.0,22525000.0,23440000.0,-0.0390358361774744,-0.02248812558404434,1.650041285165217,-0.9855835531185052,-0.6209609148329583,-0.48932922412146074
05/03/2026,27250.0,32200.0,84400.0,116000.0,159000.0,85200.0,27050.0,1808.51,0.0,0.0,23440000.0,23860000.0,-0.01760268231349539,-0.005367739664626225,1.7576900210553914,-0.9855835531185052,-0.6209609148329583,-0.48932922412146074
04/03/2026,27700.0,32500.0,85100.0,120900.0,163800.0,88800.0,26950.0,1818.27,0.0,0.0,23860000.0,24540000.0,-0.027709861450692746,0.0028293457758363783,1.8071025555623565,-0.9855835531185052,-0.6209609148329583,-0.48932922412146074
03/03/2026,27700.0,33600.0,87000.0,122000.0,165000.0,88200.0,27050.0,1813.14,0.0,0.0,24540000.0,25745000.0,-0.046805204894154205,-0.01785385407074358,1.8871038019069668,-0.9855835531185052,-0.6209609148329583,-0.48932922412146074
02/03/2026,28500.0,34650.0,89600.0,124500.0,169000.0,90000.0,27650.0,1846.1,10866200.0,0.0,25745000.0,37915000.0,-0.034387445602004484,-0.018204251381406467,2.0288707163852835,-0.9855835531185052,-0.6209609148329583,-0.48932922412146074
27/02/2026,28800.0,36250.0,92900.0,121900.0,169000.0,93100.0,28500.0,1880.33,0.0,0.0,37915000.0,37645000.0,0.007172267233364325,0.0003670915707261191,2.1367350212980734,-0.9855835531185052,-0.6209609148329583,-0.48932922412146074
26/02/2026,29400.0,36450.0,90500.0,120000.0,170900.0,93600.0,28800.0,1879.64,0.0,0.0,37645000.0,37150000.0,0.01332436069986541,0.010064968214475778,2.1143977285181585,-0.9855835531185052,-0.6209609148329583,-0.48932922412146074
25/02/2026,29300.0,36000.0,89100.0,119500.0,171000.0,93000.0,28750.0,1860.91,0.0,0.0,37150000.0,37750000.0,-0.015894039735099338,-0.0035928079587923545,2.073446025088314,-0.9855835531185052,-0.6209609148329583,-0.48932922412146074
24/02/2026,28300.0,35800.0,92500.0,120500.0,171000.0,92200.0,28250.0,1867.62,0.0,11558540.0,37750000.0,26225000.0,-0.0008876881308633336,0.0040212027051726995,2.1230844534881252,-0.9855835531185052,-0.6209609148329583,-0.48932922412146074
23/02/2026,27500.0,35850.0,94500.0,120200.0,171900.0,92000.0,28350.0,1860.14,0.0,0.0,26225000.0,25915000.0,0.011962184063283813,0.0197632792241611,2.1258592416356747,-0.9855835531185052,-0.6209609148329583,-0.48932922412146074
13/02/2026,26850.0,35450.0,96300.0,120000.0,170000.0,92800.0,28300.0,1824.09,0.0,0.0,25915000.0,25885000.0,0.0011589723778249951,0.005512405668957943,2.0889091419252055,-0.9855835531185052,-0.6209609148329583,-0.48932922412146074
12/02/2026,26900.0,35450.0,98800.0,118500.0,167000.0,92900.0,28350.0,1814.09,0.0,0.0,25885000.0,25830000.0,0.002129307007355788,0.009594568272254245,2.0853333258241924,-0.9855835531185052,-0.6209609148329583,-0.48932922412146074
11/02/2026,26850.0,35300.0,98600.0,115900.0,167000.0,91900.0,29000.0,1796.85,0.0,0.0,25830000.0,25360000.0,0.018533123028391166,0.024412353266477727,2.078777662972335,-0.9855835531185052,-0.6209609148329583,-0.48932922412146074
10/02/2026,26550.0,34600.0,97800.0,112900.0,165000.0,89300.0,27850.0,1754.03,0.0,0.0,25360000.0,25475000.0,-0.004514229636898921,-0.00045018862333456866,2.022756544056462,-0.9855835531185052,-0.6209609148329583,-0.48932922412146074
09/02/2026,26750.0,34750.0,99000.0,112900.0,164000.0,89300.0,27600.0,1754.82,0.0,0.0,25475000.0,24980000.0,0.019815852682145717,-0.0003816598214744227,2.036463839110346,-0.9855835531185052,-0.6209609148329583,-0.48932922412146074
06/02/2026,26800.0,34600.0,97600.0,108900.0,160400.0,88400.0,27350.0,1755.49,0.0,0.0,24980000.0,26405000.0,-0.053967051694754783,-0.015186024593842551,1.977462873443629,-0.9855835531185052,-0.6209609148329583,-0.48932922412146074
05/02/2026,27550.0,34850.0,99000.0,116200.0,170000.0,90200.0,27050.0,1782.56,0.0,0.0,26405000.0,27455000.0,-0.038244399927153526,-0.004951351713435748,2.1473141382417547,-0.9855835531185052,-0.6209609148329583,-0.48932922412146074
04/02/2026,28300.0,34550.0,101900.0,119700.0,174900.0,91800.0,27800.0,1791.43,0.0,0.0,27455000.0,26960000.0,0.01836053412462908,-0.01211536340575714,2.2724677017772157,-0.9855835531185052,-0.6209609148329583,-0.48932922412146074
03/02/2026,26750.0,34700.0,103900.0,120000.0,174000.0,91500.0,27700.0,1813.4,0.0,0.0,26960000.0,27100000.0,-0.0051660516605166054,0.0038195405480210276,2.2134667361104983,-0.9855835531185052,-0.6209609148329583,-0.48932922412146074
02/02/2026,26550.0,35000.0,104300.0,118200.0,175500.0,93700.0,27300.0,1806.5,0.0,0.0,27100000.0,26750000.0,0.013084112149532711,-0.012323404627564205,2.2301538779152263,-0.9855835531185052,-0.6209609148329583,-0.48932922412146074
30/01/2026,26800.0,35900.0,104500.0,127000.0,169900.0,92900.0,27200.0,1829.04,0.0,0.0,26750000.0,26440000.0,0.011724659606656581,0.0077466418362737155,2.188436023403406,-0.9855835531185052,-0.6209609148329583,-0.48932922412146074
29/01/2026,27100.0,34900.0,106100.0,126500.0,165000.0,89500.0,26700.0,1814.98,0.0,0.0,26440000.0,25610000.0,0.032409215150331905,0.006694732404834314,2.151485923692937,-0.9855835531185052,-0.6209609148329583,-0.48932922412146074
28/01/2026,26700.0,34500.0,104500.0,118500.0,160300.0,85500.0,26550.0,1802.91,0.0,0.0,25610000.0,24755000.0,0.03453847707533832,-0.0150723845943731,2.052555011564906,-0.9855835531185052,-0.6209609148329583,-0.48932922412146074
27/01/2026,26450.0,34950.0,102100.0,116000.0,154700.0,85000.0,26500.0,1830.5,0.0,0.0,24755000.0,23445000.0,0.05587545318831307,-0.007170286160588346,1.9506442526860308,-0.9855835531185052,-0.6209609148329583,-0.48932922412146074
26/01/2026,26300.0,35650.0,98500.0,116800.0,145100.0,84100.0,26100.0,1843.72,0.0,8446783.0,23445000.0,16183217.0,-0.04811205846528624,-0.014469822909038421,1.7945002829417893,-0.9855835531185052,-0.6209609148329583,-0.48932922412146074
23/01/2026,26750.0,36500.0,101000.0,112400.0,151800.0,85800.0,26950.0,1870.79,0.0,0.0,16183217.0,16573217.0,-0.02353194313451637,-0.006341854647241019,1.9357450189318093,-0.9855835531185052,-0.6209609148329583,-0.48932922412146074
22/01/2026,26850.0,36000.0,103500.0,110400.0,153300.0,86500.0,26950.0,1882.73,17165600.0,0.0,16573217.0,33713556.0,0.000749283166688201,-0.0014373302783435848,2.0064936566954508,-0.9855835531185052,-0.6209609148329583,-0.48932922412146074
21/01/2026,26800.0,35800.0,105000.0,109900.0,152800.0,85400.0,27000.0,1885.44,0.0,0.0,33713556.0,33938556.0,-0.00662962796649333,-0.004403890631435536,2.004242628265444,-0.9855835531185052,-0.6209609148329583,-0.48932922412146074
20/01/2026,27250.0,35950.0,104100.0,111900.0,152800.0,86000.0,27400.0,1893.78,0.0,0.0,33938556.0,34523556.0,-0.016944952020585595,-0.001481606462124141,2.0242925628187654,-0.9855835531185052,-0.6209609148329583,-0.48932922412146074
19/01/2026,27700.0,36300.0,105800.0,114200.0,153400.0,86700.0,27500.0,1896.59,0.0,0.0,34523556.0,34603556.0,-0.0023119011236879816,0.009291533848110545,2.0764223926574,-0.9855835531185052,-0.6209609148329583,-0.48932922412146074
16/01/2026,27600.0,35800.0,105300.0,107700.0,155000.0,87000.0,27050.0,1879.13,0.0,0.0,34603556.0,32403556.0,0.06789378301566655,0.007684470184470271,2.0835512582763585,-0.9855835531185052,-0.6209609148329583,-0.48932922412146074
15/01/2026,27600.0,35600.0,98500.0,101500.0,146000.0,84000.0,27250.0,1864.8,0.0,0.0,32403556.0,32783556.0,-0.01159117699129405,-0.015645784506239324,1.887507453754997,-0.9855835531185052,-0.6209609148329583,-0.48932922412146074
14/01/2026,27250.0,36500.0,99800.0,101500.0,145000.0,86000.0,27150.0,1894.44,0.0,0.0,32783556.0,32958556.0,-0.005309698640923468,-0.004461540886948057,1.9213695654450502,-0.9855835531185052,-0.6209609148329583,-0.48932922412146074
13/01/2026,27250.0,37350.0,98900.0,102900.0,144600.0,87100.0,27550.0,1902.93,0.0,0.0,32958556.0,33303556.0,-0.010359254128898427,0.013636387848700027,1.9369639589865222,-0.9855835531185052,-0.6209609148329583,-0.48932922412146074
12/01/2026,27500.0,38000.0,99500.0,103200.0,145000.0,87500.0,28200.0,1877.33,0.0,0.0,33303556.0,31988556.0,0.04110845140993548,0.0050484501311631735,1.9677071919682811,-0.9855835531185052,-0.6209609148329583,-0.48932922412146074
09/01/2026,26200.0,36650.0,97400.0,103000.0,143500.0,86000.0,27300.0,1867.9,0.0,0.0,31988556.0,32463556.0,-0.014631792031655435,0.0066502834723749515,1.850526463356649,-0.9855835531185052,-0.6209609148329583,-0.48932922412146074
08/01/2026,26400.0,36000.0,96500.0,102999.9999963356,146000.0,87500.0,26600.0,1855.56,0.0,0.0,32463556.0,33803556.0,-0.039640799920576404,-0.003233812138076275,1.8928541029692156,-0.9855835531185052,-0.6209609148329583,-0.48932922412146074
07/01/2026,26600.0,36400.0,97500.0,102600.0,152600.0,89800.0,26700.0,1861.58,0.0,0.0,33803556.0,32933556.0,0.026416825440896817,0.024946731488159735,2.012262602086772,-0.9855835531185052,-0.6209609148329583,-0.48932922412146074
06/01/2026,25950.0,36000.0,94000.0,98700.0,152400.0,88800.0,26650.0,1816.27,0.0,0.0,32933556.0,32718556.0,0.006571194645631671,0.015583762021919023,1.9347361884805978,-0.9855835531185052,-0.6209609148329583,-0.48932922412146074
05/01/2026,25950.0,34950.0,95000.0,98500.0,153100.0,87400.0,25350.0,1788.4,0.0,0.0,32718556.0,32813556.0,-0.0028951449212026885,0.002191102219681884,1.9155773621296466,-0.9855835531185052,-0.6209609148329583,-0.48932922412146074
31/12/2025,26400.0,34900.0,95800.0,97000.0,149500.0,88400.0,25300.0,1784.49,0.0,0.0,32813556.0,32708556.0,0.0032101692291154646,0.009955288924104355,1.92404289005216,1.9902700771120747,-0.19314490226739126,0.6480815995284606
30/12/2025,26500.0,34350.0,96500.0,96800.0,147700.0,88500.0,25000.0,1766.9,0.0,0.0,32708556.0,32088556.0,0.019321530080692942,0.006872421417337238,1.9146862539272766,1.9902700771120747,-0.19314490226739126,0.6480815995284606
29/12/2025,26700.0,34050.0,94300.0,96000.0,146000.0,87100.0,24850.0,1754.84,0.0,0.0,32088556.0,31773556.0,0.009913904505998637,0.014475661926234284,1.8594375453803473,1.9902700771120747,-0.19314490226739126,0.6480815995284606
26/12/2025,26900.0,33900.0,92500.0,95900.0,144200.0,87000.0,24850.0,1729.8,0.0,0.0,31773556.0,31553556.0,0.006972272792328066,-0.007487735605473778,1.8313676370056977,1.9902700771120747,-0.19314490226739126,0.6480815995284606
25/12/2025,26250.0,34000.0,93000.0,95400.0,146000.0,86000.0,25000.0,1742.85,0.0,0.0,31553556.0,32288556.0,-0.02276348313625422,-0.022419537586520266,1.8117632565535615,1.9902700771120747,-0.19314490226739126,0.6480815995284606
24/12/2025,26550.0,34950.0,93600.0,95800.0,146600.0,88000.0,25300.0,1782.82,0.0,0.0,32288556.0,32383556.0,-0.0029335876517081693,0.006020935022430285,1.8772597094277437,1.9902700771120747,-0.19314490226739126,0.6480815995284606
23/12/2025,26750.0,34800.0,94000.0,93400.0,147500.0,87500.0,25100.0,1772.15,0.0,0.0,32383556.0,31903556.0,0.015045344788524513,0.012061472390535899,1.885725237350257,1.9902700771120747,-0.19314490226739126,0.6480815995284606
22/12/2025,26900.0,35200.0,93700.0,93900.0,147000.0,85000.0,25250.0,1751.03,0.0,0.0,31903556.0,30963556.0,0.030358270219350773,0.027412853295468498,1.8429520436365054,1.9902700771120747,-0.19314490226739126,0.6480815995284606
19/12/2025,26700.0,33600.0,93900.0,92500.0,144000.0,82900.0,24700.0,1704.31,0.0,0.0,30963556.0,30503556.0,0.015080209009074221,0.016297153215899973,1.759187872613742,1.9902700771120747,-0.19314490226739126,0.6480815995284606
18/12/2025,26400.0,33000.0,94400.0,91900.0,143300.0,81600.0,24650.0,1676.98,0.0,0.0,30503556.0,30643556.0,-0.004568660373489291,0.0019836764934335616,1.7181968953047297,1.9902700771120747,-0.19314490226739126,0.6480815995284606
17/12/2025,26400.0,32600.0,95900.0,92400.0,143000.0,81900.0,24400.0,1673.66,0.0,0.0,30643556.0,30683556.0,-0.0013036298661080873,-0.0032873188103716977,1.730672410137907,1.9902700771120747,-0.19314490226739126,0.6480815995284606
16/12/2025,26700.0,33000.0,94900.0,92400.0,142600.0,82000.0,24450.0,1679.18,0.0,0.0,30683556.0,29183556.0,0.05139880828779056,0.02015176092490334,1.7342368429473862,1.9902700771120747,-0.19314490226739126,0.6480815995284606
15/12/2025,26250.0,32000.0,93800.0,90900.0,140100.0,77700.0,23750.0,1646.01,0.0,20000.0,29183556.0,29218369.0,-0.0018746941732625372,-0.000534340484185436,1.6005706125919126,1.9902700771120747,-0.19314490226739126,0.6480815995284606
12/12/2025,26000.0,32000.0,0.0,89800.0,140000.0,78500.0,24000.0,1646.89,0.0,0.0,29218369.0,31338369.0,-0.06764870245799964,-0.030613926658425994,1.6054550439815625,1.9902700771120747,-0.19314490226739126,0.6480815995284606
11/12/2025,26550.0,33400.0,0.0,88000.0,150000.0,82300.0,24850.0,1698.9,0.0,0.0,31338369.0,31508369.0,-0.005395391935393419,-0.01168134591443759,1.7944992953304628,1.9902700771120747,-0.19314490226739126,0.6480815995284606
10/12/2025,26650.0,33700.0,0.0,88100.0,149600.0,83000.0,25150.0,1718.98,0.0,0.0,31508369.0,32108369.0,-0.018686716849429505,-0.016134663484377643,1.8096585041650446,1.9902700771120747,-0.19314490226739126,0.6480815995284606
09/12/2025,26400.0,33800.0,0.0,88500.0,154500.0,84000.0,24700.0,1747.17,0.0,0.0,32108369.0,32748369.0,-0.019542958001969504,-0.003746279380067663,1.8631615941694504,1.9902700771120747,-0.19314490226739126,0.6480815995284606
08/12/2025,26750.0,34200.0,0.0,89400.0,157300.0,84900.0,25300.0,1753.74,0.0,0.0,32748369.0,33208369.0,-0.013851929915618559,0.00713252015712218,1.9202315568408164,1.9902700771120747,-0.19314490226739126,0.6480815995284606
05/12/2025,27000.0,34700.0,0.0,91600.0,160000.0,85100.0,25150.0,1741.32,0.0,0.0,33208369.0,33388369.0,-0.0053910989183089475,0.002348552876977328,1.961250592510861,1.9902700771120747,-0.19314490226739126,0.6480815995284606
04/12/2025,27300.0,35400.0,0.0,90300.0,158500.0,85800.0,25700.0,1737.24,0.0,0.0,33388369.0,32578369.0,0.024863123135476794,0.0031586180612899195,1.9773015195121828,1.9902700771120747,-0.19314490226739126,0.6480815995284606
03/12/2025,26800.0,34900.0,0.0,91400.0,155100.0,84700.0,24550.0,1731.77,0.0,0.0,32578369.0,30438369.0,0.07030600095557026,0.008566969121638124,1.905072348006235,1.9902700771120747,-0.19314490226739126,0.6480815995284606
02/12/2025,26500.0,34200.0,0.0,91600.0,145000.0,80000.0,23550.0,1717.06,0.0,0.0,30438369.0,30338369.0,0.0032961560985694384,0.009044056720750815,1.7142446603238546,1.9902700771120747,-0.19314490226739126,0.6480815995284606
01/12/2025,26500.0,33200.0,0.0,91600.0,145000.0,80000.0,23200.0,1701.67,0.0,0.0,30338369.0,30593369.0,-0.008335139552626583,0.006315826823340309,1.7053274786564536,1.9902700771120747,-0.19314490226739126,0.6480815995284606
28/11/2025,26550.0,33750.0,0.0,91000.0,147000.0,79900.0,23250.0,1690.99,0.0,0.0,30593369.0,30663369.0,-0.0022828541769170894,0.003960055096418724,1.728066291908326,1.9902700771120747,-0.19314490226739126,0.6480815995284606
27/11/2025,26900.0,33750.0,0.0,90200.0,146100.0,80000.0,23500.0,1684.32,0.0,0.0,30663369.0,30693369.0,-0.000977409811220137,0.002356637863315081,1.7343083190755069,1.9902700771120747,-0.19314490226739126,0.6480815995284606
26/11/2025,27100.0,33850.0,0.0,87200.0,145100.0,80200.0,23250.0,1680.36,0.0,0.0,30693369.0,29923369.0,0.025732396642904748,0.012045580476523154,1.7369834735757275,1.9902700771120747,-0.19314490226739126,0.6480815995284606
25/11/2025,26900.0,33450.0,0.0,87000.0,142000.0,78500.0,22850.0,1660.36,0.0,0.0,29923369.0,30053369.0,-0.004325638167221785,-0.004568400100720682,1.66832117473674,1.9902700771120747,-0.19314490226739126,0.6480815995284606
24/11/2025,27100.0,33950.0,0.0,87500.0,140400.0,79300.0,23150.0,1667.98,0.0,0.0,30053369.0,30533369.0,-0.015720505653994486,0.007885529901566768,1.679913510904361,1.9902700771120747,-0.19314490226739126,0.6480815995284606
21/11/2025,27400.0,34250.0,0.0,87100.0,142300.0,80000.0,23200.0,1654.93,0.0,0.0,30533369.0,30698369.0,-0.005374878385232779,-0.000640100483698558,1.7227159829078857,1.9902700771120747,-0.19314490226739126,0.6480815995284606
20/11/2025,27250.0,34600.0,0.0,87800.0,142200.0,81000.0,23350.0,1655.99,0.0,0.0,30698369.0,31618369.0,-0.029097010032364413,0.004238932686476682,1.7374293326590973,1.9902700771120747,-0.19314490226739126,0.6480815995284606
19/11/2025,27600.0,34800.0,0.0,89300.0,147000.0,82400.0,23500.0,1649.0,0.0,0.0,31618369.0,31903369.0,-0.008933225829535433,-0.006578630295435928,1.819467403999186,1.9902700771120747,-0.19314490226739126,0.6480815995284606
18/11/2025,27500.0,35350.0,0.0,89400.0,148500.0,83000.0,23700.0,1659.92,0.0,0.0,31903369.0,31493369.0,0.013018613537344957,0.003324427896181037,1.844881371751279,1.9902700771120747,-0.19314490226739126,0.6480815995284606
17/11/2025,27300.0,35150.0,0.0,89800.0,146600.0,82400.0,23800.0,1654.42,0.0,0.0,31493369.0,31068369.0,0.01367950792653454,0.011593068616780666,1.8083209269149352,1.9902700771120747,-0.19314490226739126,0.6480815995284606
14/11/2025,26900.0,35100.0,0.0,90000.0,146000.0,81400.0,23500.0,1635.46,0.0,0.0,31068369.0,30578369.0,0.016024399470096002,0.002464080812043301,1.770422904828481,1.9902700771120747,-0.19314490226739126,0.6480815995284606
13/11/2025,26550.0,35100.0,0.0,90300.0,145100.0,80100.0,23500.0,1631.44,0.0,0.0,30578369.0,30718369.0,-0.004557533637283933,-0.0002573750199158509,1.7267287146582166,1.9902700771120747,-0.19314490226739126,0.6480815995284606
12/11/2025,27000.0,35000.0,0.0,89400.0,144000.0,80500.0,23700.0,1631.86,0.0,0.0,30718369.0,29713369.0,0.033823158861588536,0.02400210842050443,1.7392127689925778,1.9902700771120747,-0.19314490226739126,0.6480815995284606
11/11/2025,26600.0,33650.0,0.0,89100.0,141900.0,78000.0,23200.0,1593.61,0.0,0.0,29713369.0,29108369.0,0.020784400527559616,0.008269325673504024,1.6495950932351984,1.9902700771120747,-0.19314490226739126,0.6480815995284606
10/11/2025,26450.0,33400.0,0.0,87000.0,139100.0,76800.0,23100.0,1580.54,0.0,0.0,29108369.0,28888369.0,0.007615521665484126,-0.011606528672378214,1.5956461441474223,1.9902700771120747,-0.19314490226739126,0.6480815995284606
07/11/2025,26050.0,33000.0,0.0,87500.0,139500.0,76500.0,23300.0,1599.1,0.0,0.0,28888369.0,30078369.0,-0.03956331541780075,-0.026506112112209768,1.5760283444791403,1.9902700771120747,-0.19314490226739126,0.6480815995284606
06/11/2025,26100.0,33600.0,0.0,90000.0,143000.0,80300.0,23700.0,1642.64,0.0,0.0,30078369.0,30188369.0,-0.0036437874467481167,-0.007402304684903549,1.6821428063212118,1.9902700771120747,-0.19314490226739126,0.6480815995284606
05/11/2025,26300.0,34100.0,0.0,91400.0,143000.0,80200.0,23900.0,1654.89,0.0,0.0,30188369.0,30778369.0,-0.01916930685963249,0.0017615225365925635,1.6919517061553528,1.9902700771120747,-0.19314490226739126,0.6480815995284606
04/11/2025,26750.0,35000.0,0.0,90000.0,143000.0,81800.0,24000.0,1651.98,0.0,0.0,30778369.0,30598369.0,0.005882666491145328,0.021632653061224527,1.7445630779930186,1.9902700771120747,-0.19314490226739126,0.6480815995284606
03/11/2025,26050.0,33600.0,0.0,92900.0,147000.0,81000.0,23100.0,1617.0,0.0,0.0,30598369.0,31468369.0,-0.027646809404071753,-0.013813923703229425,1.7285121509916967,1.9902700771120747,-0.19314490226739126,0.6480815995284606
31/10/2025,26700.0,35100.0,0.0,94600.0,148400.0,82600.0,23600.0,1639.65,0.0,0.0,31468369.0,31838369.0,-0.011621198309498832,-0.017920781997759816,1.8060916314980848,1.9902700771120747,-0.19314490226739126,0.6480815995284606
30/10/2025,26900.0,35700.0,0.0,94600.0,148100.0,83900.0,23950.0,1669.57,0.0,0.0,31838369.0,31778369.0,0.0018880767606418063,-0.009645100632922676,1.839085203667468,1.9902700771120747,-0.19314490226739126,0.6480815995284606
29/10/2025,27250.0,36400.0,0.0,95500.0,145000.0,84100.0,24350.0,1685.83,0.0,0.0,31778369.0,31878369.0,-0.0031369233476154315,0.0031716750966974683,1.8337348946670278,1.9902700771120747,-0.19314490226739126,0.6480815995284606
28/10/2025,26800.0,36000.0,0.0,94900.0,148000.0,84200.0,24000.0,1680.5,0.0,0.0,31878369.0,30753369.0,0.036581357964390826,0.016919408909920497,1.8426520763344287,1.9902700771120747,-0.19314490226739126,0.6480815995284606
27/10/2025,26250.0,35050.0,0.0,93500.0,146300.0,81000.0,23800.0,1652.54,0.0,0.0,30753369.0,31978369.0,-0.03830714443253813,-0.01820363835121619,1.7423337825761682,1.9902700771120747,-0.19314490226739126,0.6480815995284606
24/10/2025,26400.0,36100.0,0.0,95000.0,147500.0,85700.0,24400.0,1683.18,0.0,0.0,31978369.0,31633369.0,0.01090620477382602,-0.0022998589261792324,1.8515692580018297,1.9902700771120747,-0.19314490226739126,0.6480815995284606
23/10/2025,26500.0,37250.0,0.0,92300.0,142500.0,85700.0,25200.0,1687.06,0.0,0.0,31633369.0,31738369.0,-0.003308298545523874,0.005099791480488447,1.8208049812492964,1.9902700771120747,-0.19314490226739126,0.6480815995284606
22/10/2025,26700.0,38000.0,0.0,87700.0,144400.0,84500.0,25450.0,1678.5,0.0,0.0,31738369.0,30823369.0,0.02968526899184836,0.009059593731025606,1.8301680220000671,1.9902700771120747,-0.19314490226739126,0.6480815995284606
21/10/2025,26800.0,37650.0,0.0,86900.0,138200.0,83000.0,25300.0,1663.43,0.0,0.0,30823369.0,29223369.0,0.0547507031102403,0.016499330860470618,1.7485758097433486,1.9902700771120747,-0.19314490226739126,0.6480815995284606
20/10/2025,26050.0,37850.0,0.0,83900.0,129200.0,80900.0,25250.0,1636.43,0.0,0.0,29223369.0,31973369.0,-0.08600907836768781,-0.054736915069980796,1.6059009030649332,1.9902700771120747,-0.19314490226739126,0.6480815995284606
17/10/2025,28000.0,40650.0,0.0,90100.0,138900.0,84500.0,27100.0,1731.19,0.0,0.0,31973369.0,32193369.0,-0.006833705413061926,-0.02018281121770371,1.8511233989184595,1.9902700771120747,-0.19314490226739126,0.6480815995284606
16/10/2025,28250.0,41250.0,0.0,92100.0,139500.0,84500.0,27200.0,1766.85,0.0,0.0,32193369.0,32158369.0,0.0010883636542636849,0.005062715094285908,1.8707411985867415,1.9902700771120747,-0.19314490226739126,0.6480815995284606
15/10/2025,28250.0,40800.0,0.0,86100.0,142000.0,83300.0,27250.0,1757.95,0.0,0.0,32158369.0,32398369.0,-0.007407780311410121,-0.0017659818518391823,1.8676201850031506,1.9902700771120747,-0.19314490226739126,0.6480815995284606
14/10/2025,28350.0,40800.0,0.0,84700.0,142200.0,84200.0,27050.0,1761.06,0.0,0.0,32398369.0,32458232.0,-0.0018443087103450367,-0.002300126903553301,1.8890214210049128,1.9902700771120747,-0.19314490226739126,0.6480815995284606
13/10/2025,29000.0,41300.0,0.0,84900.0,142200.0,83000.0,27350.0,1765.12,0.0,0.0,32458232.0,32323232.0,0.004176562541765625,0.010054075705988375,1.894359513466469,1.9902700771120747,-0.19314490226739126,0.6480815995284606
10/10/2025,29600.0,39350.0,0.0,85000.0,143600.0,82000.0,27450.0,1747.55,0.0,0.0,32323232.0,31423232.0,0.02864122952088442,0.018106928754944684,1.882321318215478,1.9902700771120747,-0.19314490226739126,0.6480815995284606
09/10/2025,28950.0,38950.0,0.0,85000.0,137300.0,81500.0,27350.0,1716.47,0.0,0.0,31423232.0,30928232.0,0.016004794583796448,0.010978719895395894,1.8020666832088694,1.9902700771120747,-0.19314490226739126,0.6480815995284606
08/10/2025,29200.0,38600.0,0.0,84000.0,133600.0,80800.0,26850.0,1697.83,0.0,0.0,30928232.0,30058232.0,0.02894381811944229,0.0074348780632527145,1.7579266339552349,1.9902700771120747,-0.19314490226739126,0.6480815995284606
07/10/2025,29000.0,39000.0,0.0,84900.0,130500.0,78000.0,26850.0,1685.3,0.0,0.0,30058232.0,29528232.0,0.017948924270169645,-0.006015924506045489,1.6803471534488463,1.9902700771120747,-0.19314490226739126,0.6480815995284606
06/10/2025,29200.0,39400.0,0.0,84200.0,125200.0,77600.0,27350.0,1695.5,0.0,0.0,29528232.0,28773232.0,0.02623966608964888,0.03018556099694991,1.6330860906116214,1.9902700771120747,-0.19314490226739126,0.6480815995284606
03/10/2025,27650.0,38350.0,0.0,83000.0,123000.0,77000.0,26550.0,1645.82,0.0,0.0,28773232.0,29033232.0,-0.008955255136596573,-0.004168910456159969,1.565761369022744,1.9902700771120747,-0.19314490226739126,0.6480815995284606
02/10/2025,28100.0,38850.0,0.0,83100.0,124000.0,77100.0,26800.0,1652.71,0.0,0.0,29033232.0,29393232.0,-0.0122477174337276,-0.007411188853187589,1.5889460413579863,1.9902700771120747,-0.19314490226739126,0.6480815995284606
01/10/2025,28300.0,38550.0,0.0,83400.0,126300.0,77700.0,26400.0,1665.05,95000.0,0.0,29393232.0,29463232.0,0.0008485151934451726,0.0020160077029547363,1.62104789536063,1.9902700771120747,-0.19314490226739126,0.6480815995284606
30/09/2025,28150.0,37850.0,0.0,83100.0,128000.0,77700.0,26200.0,1661.7,15439902.0,0.0,29463232.0,44793232.00009255,0.002453540300624474,-0.0028683212519802215,1.6188257818957057,1.9902700771120747,-0.19314490226739126,0.6480815995284606
29/09/2025,28600.0,37750.00000092548,0.0,83500.0,128900.0,77000.0,26150.0,1666.48,2851289.0,0.0,44793232.00009255,48203232.0,-0.011590737316274745,0.0034804600469682256,1.612416113678794,1.9902700771120747,-0.19314490226739126,0.6480815995284606
26/09/2025,28550.0,38700.0,0.0,84700.0,130000.0,77900.0,26250.0,1660.7,6515767.0,17000082.0,48203232.0,38339600.0,-0.011215875797768407,-0.003235119351295501,1.6430510238092784,1.9902700771120747,-0.19314490226739126,0.6480815995284606
25/09/2025,28800.0,38900.0,0.0,86200.0,131200.0,79000.0,26550.0,1666.09,0.0,0.0,38339600.0,38477600.0,-0.0035865022766492713,0.005206762154139399,1.6730314121312762,1.9902700771120747,-0.19314490226739126,0.6480815995284606
24/09/2025,29050.0,38800.0,0.0,87600.0,131800.0,79200.0,26800.0,1657.46,0.0,0.0,38477600.0,37710800.0,0.02033369750840608,0.0135758228049363,1.682652752334985,1.9902700771120747,-0.19314490226739126,0.6480815995284606
23/09/2025,28650.0,37500.0,0.0,87900.0,129000.0,77800.0,26350.0,1635.26,0.0,0.0,37710800.0,37592800.0,0.003138898938094529,0.0004955795527548101,1.6291915663335073,1.9902700771120747,-0.19314490226739126,0.6480815995284606
22/09/2025,28400.0,37500.0,0.0,87900.0,130900.0,76500.0,26150.0,1634.45,0.0,0.0,37592800.0,38276000.0,-0.017849305047549377,-0.014572355331540554,1.6209646232607708,1.9902700771120747,-0.19314490226739126,0.6480815995284606
19/09/2025,29250.0,38400.0,0.0,88500.0,131000.0,78600.0,26650.0,1658.62,0.0,13093500.0,38276000.0,25176800.0,0.0001489405622636875,-0.003939514046529591,1.6685972292547846,1.9902700771120747,-0.19314490226739126,0.6480815995284606
18/09/2025,29150.0,38800.0,0.0,88100.0,0.0,78500.0,26800.0,1665.18,0.0,0.0,25176800.0,25076400.0,0.004003764495701137,-0.0034650532325535277,1.6681998260724575,1.9902700771120747,-0.19314490226739126,0.6480815995284606
17/09/2025,29200.0,38700.0,0.0,87100.0,0.0,78000.0,27000.0,1670.97,0.0,0.0,25076400.0,25745400.0,-0.025985224544967257,-0.005907549527039091,1.657559583367361,1.9902700771120747,-0.19314490226739126,0.6480815995284606
16/09/2025,29950.0,39350.0,0.0,88700.0,0.0,80300.0,27500.0,1680.9,0.0,0.0,25745400.0,25627200.0,0.004612286945120809,-0.002374028132233419,1.7284592085636716,1.9902700771120747,-0.19314490226739126,0.6480815995284606
15/09/2025,30350.0,39000.0,0.0,88200.0,0.0,79500.0,26850.0,1684.9,0.0,0.0,25627200.0,25420000.0,0.008151062155782849,0.010580233436896513,1.7159325483271934,1.9902700771120747,-0.19314490226739126,0.6480815995284606
12/09/2025,30000.0,38600.0,0.0,88000.0,0.0,79000.0,26600.0,1667.26,0.0,0.0,25420000.0,25226800.0,0.007658521889419189,0.005736691298446672,1.693973800433807,1.9902700771120747,-0.19314490226739126,0.6480815995284606
11/09/2025,29150.0,38700.0,0.0,86200.0,0.0,78800.0,26700.0,1657.75,0.0,0.0,25226800.0,24539200.0,0.028020473365064875,0.008817837712839172,1.673498751722406,1.9902700771120747,-0.19314490226739126,0.6480815995284606
10/09/2025,28850.0,39000.0,0.0,86200.0,0.0,75500.0,26950.0,1643.26,0.0,0.0,24539200.0,24589200.0,-0.0020334130431246236,0.0036278797058608703,1.6006279261843144,1.9902700771120747,-0.19314490226739126,0.6480815995284606
09/09/2025,28850.0,38500.0,0.0,85700.0,0.0,76000.0,26650.0,1637.32,0.0,0.0,24589200.0,24148800.0,0.018236931027628703,0.007873046358023439,1.6059268518342629,1.9902700771120747,-0.19314490226739126,0.6480815995284606
08/09/2025,28900.0,38000.0,0.0,84800.0,0.0,74000.0,26700.0,1624.53,0.0,0.0,24148800.0,24479600.0,-0.013513292700861126,-0.025459366395316096,1.5592539147095166,1.9902700771120747,-0.19314490226739126,0.6480815995284606
05/09/2025,28800.0,39500.0,0.0,87200.0,0.0,75000.0,27400.0,1666.97,0.0,0.0,24479600.0,25191200.0,-0.02824795960494141,-0.01728478031468672,1.5943116068095757,1.9902700771120747,-0.19314490226739126,0.6480815995284606
04/09/2025,29850.0,39600.0,0.0,88400.0,0.0,77500.0,28250.0,1696.29,0.0,0.0,25191200.0,24524800.0,0.02717249478079332,0.008915719978588088,1.6697259166596425,1.9902700771120747,-0.19314490226739126,0.6480815995284606
03/09/2025,28150.0,39600.0,0.0,86300.0,0.0,75800.0,28450.0,1681.3,0.0,0.0,24524800.0,24840000.0,-0.012689210950080515,-0.0005409550531741969,1.599101835597129,1.9902700771120747,-0.19314490226739126,0.6480815995284606
29/08/2025,27500.0,39600.0,0.0,85600.0,0.0,78000.0,27750.0,1682.21,0.0,0.0,24840000.0,24623200.0,0.008804704506319243,0.0008031602869960075,1.6325062628944038,1.9902700771120747,-0.19314490226739126,0.6480815995284606
28/08/2025,27100.0,39600.0,0.0,85600.0,0.0,77300.0,27200.0,1680.86,0.0,0.0,24623200.0,24031000.0,0.02464316923973201,0.004830282523702989,1.6095301212762272,1.9902700771120747,-0.19314490226739126,0.6480815995284606
27/08/2025,26750.0,38950.0,0.0,85300.0,0.0,75000.0,27400.0,1672.78,0.0,0.0,24031000.0,23877400.0,0.006432861199293055,0.0030882150117230722,1.5467696458782374,1.9902700771120747,-0.19314490226739126,0.6480815995284606
26/08/2025,27200.0,39350.0,0.0,84200.0,0.0,73600.0,27550.0,1667.63,0.0,0.0,23877400.0,22497400.0,0.06134042155982469,0.03320880033208806,1.5304913462815959,1.9902700771120747,-0.19314490226739126,0.6480815995284606
25/08/2025,25950.0,37550.0,0.0,83500.0,0.0,68800.0,26200.0,1614.03,0.0,0.0,22497400.0,22952000.0,-0.0198065528058557,-0.019107002862404077,1.3842409983430177,1.9902700771120747,-0.19314490226739126,0.6480815995284606
22/08/2025,26000.0,39000.0,0.0,84800.0,0.0,70300.0,26900.0,1645.47,0.0,0.0,22952000.0,23615800.0,-0.028108300375172555,-0.025195497630331687,1.4324188303523493,1.9902700771120747,-0.19314490226739126,0.6480815995284606
21/08/2025,27400.0,41550.0,0.0,85600.0,0.0,71000.0,28200.0,1688.0,0.0,0.0,23615800.0,23190800.0,0.0183262328164617,0.014203657862481789,1.502767367281065,1.9902700771120747,-0.19314490226739126,0.6480815995284606
20/08/2025,27400.0,40500.0,0.0,85300.0,0.0,69400.0,27800.0,1664.36,0.0,0.0,23190800.0,22924800.0,0.011603154662199888,0.0061419417240962115,1.4577264992565029,1.9902700771120747,-0.19314490226739126,0.6480815995284606
19/08/2025,28150.0,39200.0,0.0,84900.0,0.0,68000.0,28200.0,1654.2,0.0,0.0,22924800.0,23247800.0,-0.013893787799275631,0.010896068737510589,1.4295362147987767,1.9902700771120747,-0.19314490226739126,0.6480815995284606
18/08/2025,28400.0,37950.0,0.0,85000.0,0.0,70000.0,27800.0,1636.37,0.0,0.0,23247800.0,23236000.0,0.0005078326734377689,0.003907975460122559,1.4637672744974437,1.9902700771120747,-0.19314490226739126,0.6480815995284606
15/08/2025,28000.0,37600.0,0.0,86200.0,0.0,70500.0,28250.0,1630.0,0.0,0.0,23236000.0,23634400.0,-0.01685678502521748,-0.006515551383869056,1.4625167280440556,1.9902700771120747,-0.19314490226739126,0.6480815995284606
14/08/2025,28200.0,38400.0,0.0,88000.0,0.0,71900.0,27600.0,1640.69,0.0,0.0,23634400.0,23325200.0,0.013256049251453364,0.018050384710846412,1.5047385676228453,1.9902700771120747,-0.19314490226739126,0.6480815995284606
13/08/2025,28100.0,37500.0,0.0,88000.0,0.0,70900.0,25800.0,1611.6,0.0,0.0,23325200.0,23682000.0,-0.015066295076429356,0.0021017025033887027,1.471970011403564,1.9902700771120747,-0.19314490226739126,0.6480815995284606
12/08/2025,28500.0,37700.0,0.0,87500.0,0.0,72200.0,24318.18181800168,1608.22,5621629.0,0.0,23682000.0,29229800.0,0.0025258126979999865,0.007113961148754511,1.5097831448415961,1.9902700771120747,-0.19314490226739126,0.6480815995284606
11/08/2025,28150.0,37750.0,0.0,86500.0,0.0,72100.0,31800.0,1596.86,0.0,0.0,29229800.0,29161000.0,0.0023593155241589795,0.007514432631944068,1.5034598741026546,1.9902700771120747,-0.19314490226739126,0.6480815995284606
08/08/2025,28000.0,37850.0,0.0,85800.0,0.0,72000.0,30550.0,1584.95,0.0,0.0,29161000.0,29492000.0,-0.011223382612233827,0.0019850677388562055,1.4975673247407615,1.9902700771120747,-0.19314490226739126,0.6480815995284606
07/08/2025,28500.0,38400.0,0.0,86400.0,0.0,72400.0,30750.0,1581.81,0.0,0.0,29492000.0,28923200.0,0.01966587376223931,0.005147072840612221,1.5259166537928928,1.9902700771120747,-0.19314490226739126,0.6480815995284606
06/08/2025,27100.0,38200.0,0.0,86300.0,0.0,72400.0,30600.0,1573.71,0.0,0.0,28923200.0,27908800.0,0.0363469586653672,0.017167049090262676,1.4772003445335211,1.9902700771120747,-0.19314490226739126,0.6480815995284606
05/08/2025,26400.0,37000.0,0.0,85500.0,0.0,69300.0,29700.0,1547.15,0.0,0.0,27908800.0,26852600.0,0.039333248921892106,0.012406834228728236,1.3903195004535158,1.9902700771120747,-0.19314490226739126,0.6480815995284606
04/08/2025,25300.0,35350.0,0.0,86500.0,0.0,67000.0,27800.0,1528.19,0.0,0.0,26852600.0,26308800.0,0.020669889922763487,0.02205710234682745,1.2998585900460817,1.9902700771120747,-0.19314490226739126,0.6480815995284606
01/08/2025,25150.0,34100.0,0.0,90300.0,0.0,65200.0,27150.0,1495.21,0.0,0.0,26308800.0,26240400.0,0.0026066675812868706,-0.004865159864760549,1.2532834687815835,1.9902700771120747,-0.19314490226739126,0.6480815995284606
31/07/2025,24950.0,34000.0,0.0,84400.0,0.0,65300.0,27450.0,1502.52,0.0,0.0,26240400.0,26826800.0,-0.021858738276648724,-0.003389425787494349,1.2474251784276085,1.9902700771120747,-0.19314490226739126,0.6480815995284606
30/07/2025,25400.0,34500.0,0.0,85500.0,0.0,67100.0,27400.0,1507.63,0.0,0.0,26826800.0,26647200.0,0.006739920141703443,0.00952183258448791,1.2976488840353717,1.9902700771120747,-0.19314490226739126,0.6480815995284606
29/07/2025,25350.0,33900.0,0.0,84300.0,0.0,66600.0,26850.0,1493.41,0.0,0.0,26647200.0,27929200.0,-0.04590178021568824,-0.04110002439932714,1.282266589480197,1.9902700771120747,-0.19314490226739126,0.6480815995284606
28/07/2025,26350.0,35600.0,0.0,86000.0,0.0,70200.0,28750.0,1557.42,0.0,0.0,27929200.0,27751600.0,0.006399631012265959,0.017170325184667545,1.3920667098573327,1.9902700771120747,-0.19314490226739126,0.6480815995284606
25/07/2025,26050.0,35200.0,0.0,86400.0,0.0,70100.0,28450.0,1531.13,0.0,0.0,27751600.0,27597000.0,0.005602058194731311,0.006646855399666141,1.376855710341748,1.9902700771120747,-0.19314490226739126,0.6480815995284606
24/07/2025,26000.0,35050.0,0.0,86000.0,0.0,69500.0,28400.0,1521.02,190000.0,0.0,27597000.0,27948800.0,-0.005789157316235402,0.0057594011809747325,1.3636146037814476,1.9902700771120747,-0.19314490226739126,0.6480815995284606
23/07/2025,26400.0,35000.0,0.0,86000.0,0.0,70500.0,27400.0,1512.31,0.0,0.0,27948800.0,27983400.0,-0.0012364473223411023,0.0018349960915244878,1.37737761680523,1.9902700771120747,-0.19314490226739126,0.6480815995284606
22/07/2025,26450.0,35350.0,0.0,85900.0,0.0,70400.0,27150.0,1509.54,0.0,0.0,27983400.0,27815400.0,0.006039819668241334,0.01649102723814022,1.3803207580328127,1.9902700771120747,-0.19314490226739126,0.6480815995284606
21/07/2025,26200.0,35450.0,0.0,85000.0,0.0,70000.0,26950.0,1485.05,0.0,0.0,27815400.0,27917800.0,-0.003667910795263237,-0.008168144902756969,1.3660303613208509,1.9902700771120747,-0.19314490226739126,0.6480815995284606
18/07/2025,25900.0,36250.0,0.0,86200.0,0.0,70700.0,27200.0,1497.28,14421163.0,0.0,27917800.0,41867000.0,0.011272911839873886,0.004879161884819627,1.3747406983643322,1.9902700771120747,-0.19314490226739126,0.6480815995284606
17/07/2025,26000.0,35150.0,0.0,86300.0,0.0,70500.0,26750.0,1490.01,0.0,0.0,41867000.0,41856200.0,0.00025802629001199344,0.00985448704480607,1.3482688704118595,1.9902700771120747,-0.19314490226739126,0.6480815995284606
16/07/2025,26100.0,35250.0,0.0,88000.0,0.0,70000.0,26700.0,1475.47,0.0,0.0,41856200.0,41256000.0,0.014548186930385884,0.010146167802005834,1.347663111608973,1.9902700771120747,-0.19314490226739126,0.6480815995284606
15/07/2025,25500.0,34800.0,0.0,86700.0,0.0,69300.0,26600.0,1460.65,0.0,0.0,41256000.0,41444000.0,-0.004536241675513947,-0.0066443601147970766,1.3139986270263377,1.9902700771120747,-0.19314490226739126,0.6480815995284606
14/07/2025,25750.0,35100.0,0.0,87600.0,0.0,69000.0,26800.0,1470.42,0.0,4048.0,41444000.0,41247000.0,0.004677505405438427,0.008684557128745496,1.3245433172988061,1.9902700771120747,-0.19314490226739126,0.6480815995284606
11/07/2025,26000.0,34950.0,0.0,83200.0,0.0,67900.0,26700.0,1457.76,2863214.0,0.0,41247000.0,43543800.0,0.01300791387063141,0.008383829999169867,1.313720875397459,1.9902700771120747,-0.19314490226739126,0.6480815995284606
10/07/2025,25150.0,34800.0,0.0,82300.0,0.0,68000.0,26450.0,1445.64,0.0,0.0,43543800.0,43297000.0,0.0057001639836478275,0.010004750859346823,1.2840106614339226,1.9902700771120747,-0.19314490226739126,0.6480815995284606
09/07/2025,24750.0,34900.0,0.0,82800.0,0.0,67700.0,26600.0,1431.32,0.0,0.0,43297000.0,43367400.0,-0.0016233391902673437,0.011204838003193274,1.2710652172778798,1.9902700771120747,-0.19314490226739126,0.6480815995284606
08/07/2025,24700.0,35300.0,0.0,82300.0,0.0,67200.0,26400.0,1415.46,0.0,0.0,43367400.0,42576200.0,0.018583152089665118,0.009557365590630917,1.274757920959344,1.9902700771120747,-0.19314490226739126,0.6480815995284606
07/07/2025,23600.0,35300.0,0.0,82500.0,0.0,66500.0,26400.0,1402.06,0.0,0.0,42576200.0,42174000.0,0.009536681367667284,0.010879831575304477,1.2332569670847047,1.9902700771120747,-0.19314490226739126,0.6480815995284606
04/07/2025,23250.0,34950.0,0.0,82700.0,0.0,66300.0,26000.0,1386.97,0.0,0.0,42174000.0,41870200.0,0.007255757077826234,0.0036252858259284704,1.2121602991772473,1.9902700771120747,-0.19314490226739126,0.6480815995284606
03/07/2025,23100.0,34850.0,0.0,82500.0,0.0,65400.0,25950.0,1381.96,0.0,0.0,41870200.0,41726800.0,0.003436640240804471,-0.0018994792682309747,1.1962250239154737,1.9902700771120747,-0.19314490226739126,0.6480815995284606
02/07/2025,22900.0,35000.0,0.0,82900.0,0.0,64800.0,26050.0,1384.59,0.0,0.0,41726800.0,41243800.0,0.011710851085496486,0.0048989723044765565,1.1887032382915819,1.9902700771120747,-0.19314490226739126,0.6480815995284606
01/07/2025,22650.0,34400.0,0.0,83400.0,0.0,64500.0,26000.0,1377.84,0.0,0.0,41243800.0,41368400.0,-0.003011960820336295,0.0012862717739650087,1.1633683536588082,1.9902700771120747,-0.19314490226739126,0.6480815995284606
30/06/2025,22700.0,34200.0,0.0,83100.0,0.0,65500.0,25800.0,1376.07,0.0,0.0,41368400.0,41377200.0,-0.00021267751321984088,0.003376013533220368,1.1699040195495818,1.9902700771120747,-0.19314490226739126,0.6480815995284606
27/06/2025,22850.0,33950.0,0.0,81900.0,0.0,65800.0,25700.0,1371.44,0.0,0.0,41377200.0,41142600.0,0.005702118971576906,0.004225032401678375,1.170365607509765,1.9902700771120747,-0.19314490226739126,0.6480815995284606
26/06/2025,22800.0,34050.0,0.0,80900.0,0.0,64500.0,25900.0,1365.67,0.0,0.0,41142600.0,41052000.0,0.0022069570301081554,-0.0007901957197731235,1.1580600921167035,1.9902700771120747,-0.19314490226739126,0.6480815995284606
25/06/2025,22666.66666666667,33800.0,0.0,79600.0,0.0,65000.0,25600.0,1366.75,0.0,0.0,41052000.0,41050000.0,4.8721071863581e-05,-1.4633039940870063e-05,1.1533078342539098,1.9902700771120747,-0.19314490226739126,0.6480815995284606
24/06/2025,22500.0,34000.0,0.0,80200.0,0.0,64900.0,25900.0,1366.77,0.0,0.0,41050000.0,40908500.0,0.0034589388513389637,0.006324640327497022,1.1532029278993225,1.9902700771120747,-0.19314490226739126,0.6480815995284606
23/06/2025,22375.0,33800.0,0.0,80500.0,0.0,65000.0,25900.0,1358.18,0.0,0.0,40908500.0,40890000.0,0.0004524333577891905,0.006543891503316468,1.1457808033122885,1.9902700771120747,-0.19314490226739126,0.6480815995284606
20/06/2025,22500.0,34000.0,0.0,79600.0,0.0,64100.0,25800.0,1349.35,0.0,0.0,40890000.0,40829000.0,0.001494036101790394,-0.001989586106919905,1.1448104195323583,1.9902700771120747,-0.19314490226739126,0.6480815995284606
19/06/2025,22416.66666666667,34000.0,0.0,80300.0,0.0,64000.0,25100.0,1352.04,0.0,0.0,40829000.0,40271500.0,0.013843536992662305,0.0038683427010091087,1.1416107757174534,1.9902700771120747,-0.19314490226739126,0.6480815995284606
18/06/2025,22625.0,32800.0,0.0,80000.0,0.0,63700.0,25050.0,1346.83,0.0,0.0,40271500.0,40088500.0,0.004564900158399541,-0.0006381289465678952,1.1123681293763115,1.9902700771120747,-0.19314490226739126,0.6480815995284606
17/06/2025,22375.0,32400.0,0.0,81100.0,0.0,64400.0,25000.0,1347.69,0.0,0.0,40088500.0,39977500.0,0.002776561816021512,0.0071593516228114495,1.102769197931596,1.9902700771120747,-0.19314490226739126,0.6480815995284606
16/06/2025,22291.66666666667,32300.0,0.0,82000.0,0.0,64300.0,25100.0,1338.11,0.0,0.0,39977500.0,39064000.0,0.023384702027442146,0.01719511360785697,1.0969468952520143,1.9902700771120747,-0.19314490226739126,0.6480815995284606
13/06/2025,22000.0,31200.0,0.0,78000.0,0.0,63200.0,24850.0,1315.49,0.0,0.0,39064000.0,39163000.0,-0.002527896228583101,-0.0056689770897738745,1.0490309177943762,1.9902700771120747,-0.19314490226739126,0.6480815995284606
12/06/2025,26800.0,30950.0,0.0,78300.0,0.0,63500.0,24700.0,1322.99,0.0,0.0,39163000.0,38131000.0,0.02706459311321497,0.005923053527980615,1.0542237823464355,1.9902700771120747,-0.19314490226739126,0.6480815995284606
11/06/2025,26100.0,30100.0,0.0,76000.0,0.0,61900.0,24250.0,1315.2,0.0,0.0,38131000.0,38067000.0,0.0016812462237633646,-0.0007825380062754794,1.0000921033795147,1.9902700771120747,-0.19314490226739126,0.6480815995284606
10/06/2025,26200.0,30050.0,0.0,76100.0,0.0,61500.0,24200.0,1316.23,0.0,0.0,38067000.0,37758000.0,0.008183696170348006,0.0043187315442898555,0.9967351000327287,1.9902700771120747,-0.19314490226739126,0.6480815995284606
09/06/2025,26300.0,29750.0,0.0,74600.0,0.0,60500.0,24250.0,1310.57,0.0,0.0,37758000.0,37930500.0,-0.004547791355241824,-0.014527517313462135,0.9805270682490284,1.9902700771120747,-0.19314490226739126,0.6480815995284606
06/06/2025,26050.0,30300.0,0.0,75700.0,0.0,60500.0,24150.0,1329.89,0.0,0.0,37930500.0,38447500.0,-0.013446908121464334,-0.009090299458307416,0.9895752413321619,1.9902700771120747,-0.19314490226739126,0.6480815995284606
05/06/2025,25750.0,31100.0,0.0,77900.0,0.0,61700.0,24400.0,1342.09,0.0,0.0,38447500.0,38574500.0,-0.0032923304255401886,-0.0027122623983830696,1.0166935339929157,1.9902700771120747,-0.19314490226739126,0.6480815995284606
04/06/2025,25950.0,31350.0,0.0,78900.0,0.0,61300.0,24550.0,1345.74,0.0,0.0,38574500.0,38940000.0,-0.009386235233692862,-0.0011208016329560255,1.0233550875091937,1.9902700771120747,-0.19314490226739126,0.6480815995284606
03/06/2025,26000.0,31600.0,0.0,77800.0,0.0,62400.0,24700.0,1347.25,0.0,0.0,38940000.0,38100500.0,0.022033831577013423,0.008194267754246809,1.0425267238099782,1.9902700771120747,-0.19314490226739126,0.6480815995284606
02/06/2025,25550.0,30850.0,0.0,78200.0,0.0,61000.0,24600.0,1336.3,0.0,0.0,38100500.0,38202500.0,-0.00266998233099928,0.0027765270898993943,0.9984922814720614,1.9902700771120747,-0.19314490226739126,0.6480815995284606
30/05/2025,25750.0,30450.0,0.0,82500.0,0.0,62100.0,24350.0,1332.6,0.0,0.0,38202500.0,38735500.0,-0.013759987608266319,-0.006900868943108818,1.0038425055560012,1.9902700771120747,-0.19314490226739126,0.6480815995284606
29/05/2025,25550.0,30800.0,0.0,84000.0,0.0,64300.0,24500.0,1341.86,0.0,0.0,38735500.0,38626000.0,0.0028348780614094135,-7.452286734155322e-06,1.0318000490534516,1.9902700771120747,-0.19314490226739126,0.6480815995284606
28/05/2025,25600.0,30500.0,0.0,79300.0,0.0,64400.0,24600.0,1341.87,0.0,0.0,38626000.0,38635500.0,-0.00024588784925780695,0.0015375314410250862,1.0260564261398102,1.9902700771120747,-0.19314490226739126,0.6480815995284606
27/05/2025,25550.0,30600.0,0.0,80300.0,0.0,64300.0,24750.0,1339.81,0.0,0.0,38635500.0,38550500.0,0.002204900066147002,0.005478382901441536,1.0265547313240986,1.9902700771120747,-0.19314490226739126,0.6480815995284606
26/05/2025,25550.0,30350.0,0.0,80500.0,0.0,64500.0,24800.0,1332.51,0.0,0.0,38550500.0,38411000.0,0.003631772148603265,0.013731874686182977,1.0220962112541487,1.9902700771120747,-0.19314490226739126,0.6480815995284606
23/05/2025,25600.0,30150.0,0.0,79000.0,0.0,64200.0,24650.0,1314.46,0.0,0.0,38411000.0,38626500.0,-0.005579071362924417,0.00047189916580414604,1.0147789930217015,1.9902700771120747,-0.19314490226739126,0.6480815995284606
22/05/2025,25650.0,30500.0,0.0,78900.0,0.0,64300.0,24650.0,1313.84,0.0,0.0,38626500.0,38867500.0,-0.006200553161381617,-0.006961188163712606,1.0260826527284568,1.9902700771120747,-0.19314490226739126,0.6480815995284606
21/05/2025,25750.0,30900.0,0.0,80700.0,0.0,64300.0,25050.0,1323.05,0.0,0.0,38867500.0,38931500.0,-0.0016439130267264298,0.006006919362810281,1.0387238684561968,1.9902700771120747,-0.19314490226739126,0.6480815995284606
20/05/2025,25650.0,30950.0,0.0,82300.0,0.0,64700.0,24850.0,1315.15,0.0,0.0,38931500.0,38006500.0,0.024337942194098378,0.01454921352475158,1.0420808718029826,1.9902700771120747,-0.19314490226739126,0.6480815995284606
19/05/2025,25650.0,29500.0,0.0,81600.0,0.0,63700.0,24600.0,1296.29,0.0,0.0,38006500.0,38063000.0,-0.0014843811575545806,-0.003918886728805471,0.9935616828064695,1.9902700771120747,-0.19314490226739126,0.6480815995284606
16/05/2025,25800.0,29450.0,0.0,81000.0,0.0,63800.0,24650.0,1301.39,0.0,0.0,38063000.0,38531500.0,-0.012158882991837847,-0.008993298812062123,0.9965252873235537,1.9902700771120747,-0.19314490226739126,0.6480815995284606
15/05/2025,26150.0,29900.0,0.0,84400.0,0.0,64300.0,25050.0,1313.2,0.0,0.0,38531500.0,38446500.0,0.0022108644479991676,0.0026494010215847297,1.0210996008855715,1.9902700771120747,-0.19314490226739126,0.6480815995284606
14/05/2025,26150.0,29850.0,0.0,86000.0,0.0,64000.0,24500.0,1309.73,0.0,0.0,38446500.0,37978000.0,0.012336089314866502,0.012602150870166806,1.0166410808156217,1.9902700771120747,-0.19314490226739126,0.6480815995284606
13/05/2025,25800.0,29400.0,0.0,82200.0,0.0,63500.0,24500.0,1293.43,0.0,0.0,37978000.0,37274000.0,0.01888715995063583,0.00792512818914326,0.9920667672536037,1.9902700771120747,-0.19314490226739126,0.6480815995284606
12/05/2025,25400.0,29400.0,0.0,78600.0,0.0,60800.0,23800.0,1283.26,0.0,0.0,37274000.0,36396500.0,0.024109461074553872,0.012593703148425783,0.9551397304389602,1.9902700771120747,-0.19314490226739126,0.6480815995284606
09/05/2025,25650.0,27600.0,0.0,76400.0,0.0,60400.0,23500.0,1267.3,0.0,0.0,36396500.0,36297000.0,0.0027412733834752184,-0.001968813986454543,0.9091120673638895,1.9902700771120747,-0.19314490226739126,0.6480815995284606
08/05/2025,25700.0,27400.0,0.0,74000.0,0.0,60300.0,23550.0,1269.8,0.0,0.0,36297000.0,35934000.0,0.010101853397896142,0.015539400337500231,0.9038929762231833,1.9902700771120747,-0.19314490226739126,0.6480815995284606
07/05/2025,25400.0,27000.0,0.0,72800.0,0.0,60100.0,23250.0,1250.37,0.0,0.0,35934000.0,35959500.0,-0.0007091311058273892,0.006779661016949046,0.8848524728656328,1.9902700771120747,-0.19314490226739126,0.6480815995284606
06/05/2025,25450.0,26850.0,0.0,73600.0,0.0,60500.0,23550.0,1241.95,0.0,0.0,35959500.0,35987000.0,-0.0007641648373023592,0.0015321962824079716,0.8861900288866178,1.9902700771120747,-0.19314490226739126,0.6480815995284606
05/05/2025,25700.0,26500.0,0.0,70800.0,0.0,61000.0,23550.0,1240.05,0.0,0.0,35987000.0,35765000.0,0.006207185796169439,0.011212590720052207,0.8876324912621898,1.9902700771120747,-0.19314490226739126,0.6480815995284606
29/04/2025,25500.0,26300.0,0.0,71100.0,0.0,60800.0,23550.0,1226.3,0.0,0.0,35765000.0,35696500.0,0.0019189556399086746,-0.0004075643951744201,0.8759878859030266,1.9902700771120747,-0.19314490226739126,0.6480815995284606
28/04/2025,25650.0,26000.0,0.0,70800.0,0.0,60900.0,23700.0,1226.8,0.0,0.0,35696500.0,35612000.0,0.00237279568684713,-0.0019768472946478655,0.8723948432584201,1.9902700771120747,-0.19314490226739126,0.6480815995284606
25/04/2025,25700.0,25950.0,0.0,70100.0,0.0,60500.0,23550.0,1229.23,0.0,0.0,35612000.0,35311000.0,0.00852425589759565,0.00480647402623946,0.8679625497771171,1.9902700771120747,-0.19314490226739126,0.6480815995284606
24/04/2025,25600.0,25750.0,0.0,71000.0,0.0,59700.0,23250.0,1223.35,0.0,0.0,35311000.0,35285500.0,0.0007226764535007298,0.010198183319570564,0.8521741434117649,1.9902700771120747,-0.19314490226739126,0.6480815995284606
23/04/2025,25550.0,26100.0,0.0,68800.0,0.0,58800.0,23400.0,1211.0,0.0,0.0,35285500.0,34305500.0,0.028566847881535032,0.01158604328686108,0.8508365873907802,1.9902700771120747,-0.19314490226739126,0.6480815995284606
22/04/2025,25050.0,25150.0,0.0,67100.0,0.0,57300.0,23100.0,1197.13,0.0,0.0,34305500.0,34224500.0,0.0023667255913161623,-0.008234816539222978,0.7994324736431226,1.9902700771120747,-0.19314490226739126,0.6480815995284606
21/04/2025,24950.0,25750.0,0.0,69500.0,0.0,55600.0,22950.0,1207.07,0.0,0.0,34224500.0,34674500.0,-0.012977836738813826,-0.009884178751886519,0.7951837662823467,1.9902700771120747,-0.19314490226739126,0.6480815995284606
18/04/2025,25450.0,26000.0,0.0,72500.0,0.0,56200.0,23250.0,1219.12,0.0,0.0,34674500.0,34815000.0,-0.004035616831825363,0.0015362497432735989,0.8187876960644342,1.9902700771120747,-0.19314490226739126,0.6480815995284606
17/04/2025,25500.0,26000.0,0.0,69800.0,0.0,56800.0,23000.0,1217.25,0.0,0.0,34815000.0,34715000.0,0.002880599164626242,0.005742377922829167,0.8261573674741749,1.9902700771120747,-0.19314490226739126,0.6480815995284606
16/04/2025,25500.0,25800.0,0.0,68600.0,0.0,56800.0,22900.0,1210.3,0.0,0.0,34715000.0,35018500.0,-0.00866684752345189,-0.014245107062282658,0.8209120497448219,1.9902700771120747,-0.19314490226739126,0.6480815995284606
15/04/2025,25850.0,26000.0,0.0,71500.0,0.0,57100.0,23000.0,1227.79,0.0,0.0,35018500.0,34988500.0,0.0008574245823627764,-0.010995295785539483,0.8368315890534077,1.9902700771120747,-0.19314490226739126,0.6480815995284606
14/04/2025,25350.0,26550.0,0.0,73700.0,0.0,56600.0,23450.0,1241.44,0.0,0.0,34988500.0,33843000.0,0.03384747215081405,0.015526070382670953,0.8352579937346021,1.9902700771120747,-0.19314490226739126,0.6480815995284606
11/04/2025,24300.0,26600.0,0.0,71700.0,0.0,52900.0,23450.0,1222.46,0.0,0.0,33843000.0,31842500.0,0.0628248410143676,0.04632213225602144,0.775172879144866,1.9902700771120747,-0.19314490226739126,0.6480815995284606
10/04/2025,22750.0,25250.0,0.0,67100.0,0.0,49450.0,22050.0,1168.34,0.0,0.0,31842500.0,29783000.0,0.0691501863479166,0.06765969112674775,0.6702402979691633,1.9902700771120747,-0.19314490226739126,0.6480815995284606
09/04/2025,21300.0,23600.0,0.0,62800.0,0.0,46250.0,20650.0,1094.3,0.0,8935000.0,29783000.0,21594000.0,-0.024435782370860495,-0.03397805418480038,0.5622129793331423,1.9902700771120747,-0.19314490226739126,0.6480815995284606
08/04/2025,22900.0,23950.0,0.0,67500.0,0.0,49150.0,20900.0,1132.79,0.0,0.0,21594000.0,23186000.0,-0.0686621236953334,-0.06432801671801569,0.6013430495941141,1.9902700771120747,-0.19314490226739126,0.6480815995284606
04/04/2025,24600.0,25700.0,0.0,72500.0,0.0,52800.0,22450.0,1210.67,0.0,2415000.0,23186000.0,21173500.0,-0.01706339953791042,-0.015587393482078826,0.7194007570570127,1.9902700771120747,-0.19314490226739126,0.6480815995284606
03/04/2025,25350.0,25950.0,0.0,76800.0,0.0,54700.0,22650.0,1229.84,0.0,0.0,21173500.0,22762500.0,-0.06980779791323449,-0.06676885485988326,0.7492488897541338,1.9902700771120747,-0.19314490226739126,0.6480815995284606
02/04/2025,27250.0,27900.0,0.0,82500.0,0.0,58800.0,24350.0,1317.83,0.0,0.0,22762500.0,22710000.0,0.002311756935270806,0.0003795556162844438,0.8805241388069274,1.9902700771120747,-0.19314490226739126,0.6480815995284606
01/04/2025,27000.0,27950.0,0.0,83400.0,0.0,58600.0,24600.0,1317.33,0.0,0.0,22710000.0,22517500.0,0.008548906406128567,0.008011569716725564,0.876186850842628,1.9902700771120747,-0.19314490226739126,0.6480815995284606
31/03/2025,26750.0,27500.0,0.0,83300.0,0.0,59000.0,24100.0,1306.86,0.0,0.0,22517500.0,22701500.0,-0.008105191286919366,-0.008045785071273626,0.8602834616401971,1.9902700771120747,-0.19314490226739126,0.6480815995284606
28/03/2025,27150.0,27550.0,0.0,82000.0,0.0,59800.0,23900.0,1317.46,0.0,0.0,22701500.0,22915000.0,-0.009317041239362863,-0.0047967608644744475,0.8754846232674556,1.9902700771120747,-0.19314490226739126,0.6480815995284606
27/03/2025,27500.0,27750.0,0.0,84900.0,0.0,60400.0,23900.0,1323.81,0.0,0.0,22915000.0,23065500.0,-0.006524896490429429,-0.001719340316268081,0.8931229276556061,1.9902700771120747,-0.19314490226739126,0.6480815995284606
26/03/2025,27550.0,28000.0,0.0,86600.0,0.0,60800.0,24000.0,1326.09,0.0,0.0,23065500.0,22922000.0,0.006260361225023994,-0.004377139768154348,0.9055564864865975,1.9902700771120747,-0.19314490226739126,0.6480815995284606
25/03/2025,27200.0,27900.0,0.0,87800.0,0.0,60500.0,24200.0,1331.92,0.0,0.0,22922000.0,22931500.0,-0.0004142773041449534,0.001202718143003212,0.8937012327175125,1.9902700771120747,-0.19314490226739126,0.6480815995284606
24/03/2025,27150.0,28000.0,0.0,88500.0,0.0,60300.0,24400.0,1330.32,2766500.0,0.0,22931500.0,25466000.0,0.009110186130526977,0.006384845825642138,0.8944860753015287,1.9902700771120747,-0.19314490226739126,0.6480815995284606
21/03/2025,27150.0,27350.0,0.0,89600.0,0.0,60300.0,24300.0,1321.88,0.0,0.0,25466000.0,25470250.0,-0.0001668613382279326,-0.0015484202336981667,0.87738276883916,1.9902700771120747,-0.19314490226739126,0.6480815995284606
20/03/2025,27150.0,27450.0,0.0,89800.0,0.0,60000.0,24250.0,1323.93,0.0,0.0,25470250.0,25315250.0,0.006122791597949853,-0.0005284494538098095,0.877696083720475,1.9902700771120747,-0.19314490226739126,0.6480815995284606
19/03/2025,27250.0,27250.0,0.0,88200.0,0.0,59500.0,23850.0,1324.63,0.0,0.0,25315250.0,25684500.0,-0.014376374856430922,-0.004763443203077422,0.8662693056960475,1.9902700771120747,-0.19314490226739126,0.6480815995284606
18/03/2025,27600.0,27400.0,0.0,88200.0,0.0,61800.0,23900.0,1330.97,0.0,0.0,25684500.0,25823000.0,-0.0053634356968593885,-0.00395881041114754,0.8934908397961756,1.9902700771120747,-0.19314490226739126,0.6480815995284606
17/03/2025,27850.0,27450.0,0.0,87900.0,0.0,62000.0,24300.0,1336.26,0.0,0.0,25823000.0,25650000.0,0.006744639376218323,0.007623571994118228,0.9037012188696156,1.9902700771120747,-0.19314490226739126,0.6480815995284606
14/03/2025,27550.0,27300.0,0.0,87400.0,0.0,61500.0,24300.0,1326.15,0.0,0.0,25650000.0,25681500.0,-0.0012265638689328894,-9.047931416672483e-05,0.8909474601713838,1.9902700771120747,-0.19314490226739126,0.6480815995284606
13/03/2025,27700.0,27300.0,0.0,90000.0,0.0,61500.0,24300.0,1326.27,0.0,0.0,25681500.0,26077000.0,-0.015166621927368945,-0.00610007419009162,0.8932696763505417,1.9902700771120747,-0.19314490226739126,0.6480815995284606
12/03/2025,27800.0,27850.0,0.0,91000.0,0.0,62700.0,24600.0,1334.41,0.0,0.0,26077000.0,26263500.0,-0.007101109905381994,0.0014033349843156628,0.9224263905999679,1.9902700771120747,-0.19314490226739126,0.6480815995284606
11/03/2025,28150.0,28000.0,0.0,93400.0,0.0,63000.0,24800.0,1332.54,0.0,0.0,26263500.0,26027000.0,0.009086717639374495,0.001698890459151503,0.9361753848035532,1.9902700771120747,-0.19314490226739126,0.6480815995284606
10/03/2025,27950.0,27800.0,0.0,93300.0,0.0,62200.0,24500.0,1330.28,0.0,0.0,26027000.0,25998000.0,0.0011154704208016,0.0031899249651219375,0.9187403331727333,1.9902700771120747,-0.19314490226739126,0.6480815995284606
07/03/2025,28050.0,27750.0,0.0,93900.0,0.0,61900.0,24500.0,1326.05,0.0,0.0,25998000.0,25911000.0,0.0033576473312492763,0.005939827949811072,0.9166024198649372,1.9902700771120747,-0.19314490226739126,0.6480815995284606
06/03/2025,27950.0,27700.0,0.0,93700.0,0.0,61900.0,24100.0,1318.22,0.0,0.0,25911000.0,25373750.0,0.02117345682053303,0.010354791486230752,0.9101886799415488,1.9902700771120747,-0.19314490226739126,0.6480815995284606
05/03/2025,27550.0,27300.0,0.0,93000.0,0.0,59600.0,23550.0,1304.71,0.0,0.0,25373750.0,25489500.0,-0.004541085545028345,-0.0054881813539038315,0.8705819928859122,1.9902700771120747,-0.19314490226739126,0.6480815995284606
04/03/2025,27850.0,27500.0,0.0,94200.0,0.0,59500.0,23400.0,1311.91,0.0,0.0,25489500.0,24867000.0,0.025033176498974543,0.0019398642095054264,0.8791152158299604,1.9902700771120747,-0.19314490226739126,0.6480815995284606
03/03/2025,28050.0,26100.0,0.0,94100.0,0.0,58800.0,23100.0,1309.37,0.0,0.0,24867000.0,24795000.0,0.0029038112522686023,0.0030719495005209208,0.8332238008608888,1.9902700771120747,-0.19314490226739126,0.6480815995284606
28/02/2025,28000.0,26100.0,0.0,94000.0,0.0,58300.0,23000.0,1305.36,0.0,0.0,24795000.0,25002500.0,-0.0082991700829917,-0.0018657287046949245,0.8279158781656708,1.9902700771120747,-0.19314490226739126,0.6480815995284606
27/02/2025,28450.0,26250.0,0.0,94700.0,0.0,58600.0,23200.0,1307.8,0.0,0.0,25002500.0,24885500.0,0.004701533021237267,0.003714619021305321,0.8432130164886948,1.9902700771120747,-0.19314490226739126,0.6480815995284606
26/02/2025,27750.0,26300.0,0.0,95600.0,0.0,58700.0,23200.0,1302.96,0.0,0.0,24885500.0,24856000.0,0.0011868361763759253,-0.00015347309616631222,0.8345876421089657,1.9902700771120747,-0.19314490226739126,0.6480815995284606
25/02/2025,27500.0,26400.0,0.0,95500.0,0.0,58300.0,23400.0,1303.16,0.0,0.0,24856000.0,24902000.0,-0.001847241185446952,-0.001073158766173976,0.8324128682268974,1.9902700771120747,-0.19314490226739126,0.6480815995284606
24/02/2025,27700.0,26500.0,0.0,94600.0,0.0,58400.0,23000.0,1304.56,0.0,0.0,24902000.0,24598000.0,0.012358728351898529,0.006022749180643938,0.8358040410599534,1.9902700771120747,-0.19314490226739126,0.6480815995284606
21/02/2025,26450.0,26500.0,0.0,94300.0,0.0,58100.0,22900.0,1296.75,0.0,0.0,24598000.0,24493250.0,0.004276688475396283,0.0029157450231247495,0.8133928119023668,1.9902700771120747,-0.19314490226739126,0.6480815995284606
20/02/2025,26550.0,26550.0,0.0,94100.0,0.0,56700.0,22850.0,1292.98,0.0,0.0,24493250.0,24212750.0,0.011584805526014187,0.0034301856335754444,0.8056705215923103,1.9902700771120747,-0.19314490226739126,0.6480815995284606
19/02/2025,26500.0,26100.0,0.0,95000.0,0.0,55800.0,22850.0,1288.56,0.0,0.0,24212750.0,23976000.0,0.009874457791124457,0.008152471560235908,0.7849917394255239,1.9902700771120747,-0.19314490226739126,0.6480815995284606
18/02/2025,26550.0,25850.0,0.0,93600.0,0.0,54500.0,22700.0,1278.14,0.0,0.0,23976000.0,23786250.0,0.007977297808607915,0.004258595763404482,0.7675382575075678,1.9902700771120747,-0.19314490226739126,0.6480815995284606
17/02/2025,26150.0,25700.0,0.0,95400.0,0.0,54100.0,22650.0,1272.72,0.0,0.0,23786250.0,24028750.0,-0.010092077199188473,-0.0026330637577580696,0.7535496695712123,1.9902700771120747,-0.19314490226739126,0.6480815995284606
14/02/2025,26100.0,26000.0,0.0,95600.0,0.0,55200.0,22850.0,1276.08,0.0,0.0,24028750.0,23932500.0,0.00402172777603677,0.004510567953713629,0.7714270480933003,1.9902700771120747,-0.19314490226739126,0.6480815995284606
13/02/2025,25900.0,25950.0,0.0,95000.0,0.0,54800.0,22900.0,1270.35,0.0,0.0,23932500.0,23959000.0,-0.001106056179306315,0.0027152678564379418,0.7643313875458735,1.9902700771120747,-0.19314490226739126,0.6480815995284606
12/02/2025,25850.0,25700.0,0.0,95000.0,0.0,56400.0,22700.0,1266.91,0.0,0.0,23959000.0,24126000.0,-0.006921992870761833,-0.0012140801765934128,0.7662849979823079,1.9902700771120747,-0.19314490226739126,0.6480815995284606
11/02/2025,26100.0,25900.0,0.0,94500.0,0.0,56400.0,23000.0,1268.45,0.0,0.0,24126000.0,24007500.0,0.004935957513277101,0.004108417902886297,0.7785964297892716,1.9902700771120747,-0.19314490226739126,0.6480815995284606
10/02/2025,25400.0,25750.0,0.0,95200.0,0.0,57400.0,22900.0,1263.26,0.0,0.0,24007500.0,24402750.0,-0.01619694501644282,-0.00936323713927234,0.7698604736867256,1.9902700771120747,-0.19314490226739126,0.6480815995284606
07/02/2025,26650.0,25750.0,0.0,98300.0,0.0,58900.0,22750.0,1275.2,0.0,0.0,24402750.0,24217000.0,0.0076702316554486515,0.0029257243527227583,0.7989987576490158,1.9902700771120747,-0.19314490226739126,0.6480815995284606
06/02/2025,26800.0,25200.0,0.0,99600.0,0.0,59100.0,22600.0,1271.48,0.0,0.0,24217000.0,24035500.0,0.007551330323895904,0.001472893250683338,0.785305054306839,1.9902700771120747,-0.19314490226739126,0.6480815995284606
05/02/2025,26800.0,24700.0,0.0,98200.0,0.0,59400.0,22500.0,1269.61,0.0,0.0,24035500.0,24040250.0,-0.00019758529965370575,0.0038982193123950903,0.7719246658459771,1.9902700771120747,-0.19314490226739126,0.6480815995284606
04/02/2025,26850.0,24650.0,0.0,98200.0,0.0,59600.0,22450.0,1264.68,0.0,0.0,24040250.0,23739750.0,0.01265809454606725,0.00929746294980971,0.7722748413015645,1.9902700771120747,-0.19314490226739126,0.6480815995284606
03/02/2025,26400.0,24250.0,0.0,98100.0,0.0,59600.0,22050.0,1253.03,0.0,0.0,23739750.0,24061500.0,-0.013371984290256218,-0.00950160072724393,0.7501216361638843,1.9902700771120747,-0.19314490226739126,0.6480815995284606
24/01/2025,26550.0,24750.0,0.0,97600.0,0.0,60100.0,22400.0,1265.05,0.0,0.0,24061500.0,23909500.0,0.00635730567347707,0.00430285083715054,0.7738414157081392,1.9902700771120747,-0.19314490226739126,0.6480815995284606
23/01/2025,26650.0,24600.0,0.0,97100.0,0.0,59200.0,22200.0,1259.63,0.0,0.0,23909500.0,23418500.0,0.02096633003821765,0.013762243165155175,0.7626358011293457,1.9902700771120747,-0.19314490226739126,0.6480815995284606
22/01/2025,26150.0,24200.0,0.0,95800.0,0.0,57400.0,21800.0,1242.53,0.0,0.0,23418500.0,23485750.0,-0.0028634384680071958,-0.002856936497363738,0.7264387171939013,1.9902700771120747,-0.19314490226739126,0.6480815995284606
21/01/2025,26300.0,24200.0,0.0,95600.0,0.0,57700.0,21850.0,1246.09,0.0,0.0,23485750.0,23577250.0,-0.0038808597270674062,-0.0027689968388620034,0.731396464433532,1.9902700771120747,-0.19314490226739126,0.6480815995284606
20/01/2025,26450.0,24400.0,0.0,96100.0,0.0,57500.0,21850.0,1249.55,0.0,0.0,23577250.0,23567500.0,0.00041370531452211733,0.00035225080257150765,0.7381419495253714,1.9902700771120747,-0.19314490226739126,0.6480815995284606
17/01/2025,26500.0,24400.0,0.0,95200.0,0.0,57700.0,21500.0,1249.11,0.0,0.0,23567500.0,23304000.0,0.011307071747339513,0.005433207765864978,0.7374231683270607,1.9902700771120747,-0.19314490226739126,0.6480815995284606
16/01/2025,26300.0,23850.0,0.0,95000.0,0.0,57800.0,21400.0,1242.36,0.0,0.0,23304000.0,23167250.0,0.005902729067973109,0.004999271950686612,0.7179976456855339,1.9902700771120747,-0.19314490226739126,0.6480815995284606
15/01/2025,26200.0,23700.0,0.0,94300.0,0.0,57300.0,21350.0,1236.18,0.0,0.0,23167250.0,23038000.0,0.0056102960326417225,0.005784861724718704,0.707916278622047,1.9902700771120747,-0.19314490226739126,0.6480815995284606
14/01/2025,25850.0,23600.0,0.0,95400.0,0.0,57200.0,21300.0,1229.07,0.0,0.0,23038000.0,23161500.0,-0.005332124430628414,-0.005325132521345144,0.6983878201726454,1.9902700771120747,-0.19314490226739126,0.6480815995284606
13/01/2025,25900.0,23800.0,0.0,94400.0,0.0,57300.0,21500.0,1235.65,0.0,0.0,23161500.0,22907750.0,0.011077037247219828,0.0042016123789090365,0.7074923820179151,1.9902700771120747,-0.19314490226739126,0.6480815995284606
10/01/2025,25550.0,23400.0,0.0,93800.0,0.0,57500.0,21150.0,1230.48,0.0,0.0,22907750.0,23282500.0,-0.016095780092344036,-0.012273533637830347,0.6887856405746993,1.9902700771120747,-0.19314490226739126,0.6480815995284606
09/01/2025,26000.0,23950.0,0.0,95100.0,0.0,57700.0,21500.0,1245.77,0.0,0.0,23282500.0,23386500.0,-0.004447010027152417,-0.004196575594315077,0.716412640991823,1.9902700771120747,-0.19314490226739126,0.6480815995284606
08/01/2025,26250.0,23950.0,0.0,96000.0,0.0,58100.0,21600.0,1251.02,0.0,0.0,23386500.0,23130250.0,0.011078565947190368,0.0032639640723364227,0.724079640440471,1.9902700771120747,-0.19314490226739126,0.6480815995284606
07/01/2025,26050.0,23650.0,0.0,94600.0,0.0,57100.0,21650.0,1246.95,0.0,0.0,23130250.0,22732239.13043478,0.017508652239732365,0.00048140570465760035,0.7051885961258932,1.9902700771120747,-0.19314490226739126,0.6480815995284606
06/01/2025,26050.0,23600.0,0.0,96800.0,0.0,57000.0,21217.39130434783,1246.35,0.0,0.0,22732239.13043478,23356000.0,-0.026706665078147743,-0.006567882734598518,0.6758467776882733,1.9902700771120747,-0.19314490226739126,0.6480815995284606
03/01/2025,26600.0,23600.0,0.0,96600.0,0.0,58600.0,24700.0,1254.59,0.0,0.0,23356000.0,23990000.0,-0.026427678199249686,-0.011908231013381121,0.721831145409858,1.9902700771120747,-0.19314490226739126,0.6480815995284606
02/01/2025,27000.0,24350.0,0.0,97900.0,0.0,60600.0,25200.0,1269.71,0.0,0.0,23990000.0,24066500.0,-0.003178692373215881,0.0023129509464943077,0.7685703535871937,1.9902700771120747,-0.19314490226739126,0.6480815995284606
31/12/2024,26650.0,24650.0,0.0,97900.0,0.0,61000.0,25100.0,1266.78,0.0,0.0,24066500.0,23957500.0,0.004549723468642387,-0.004119432084401242,0.7742100214508627,2.095833073181186,-0.09882163359855001,0.4360441410147753
30/12/2024,26750.0,24400.0,0.0,97500.0,0.0,61000.0,24800.0,1272.02,0.0,0.0,23957500.0,24123500.0,-0.006881256865711858,-0.002446790156375056,0.766174416259491,2.095833073181186,-0.09882163359855001,0.4360441410147753
27/12/2024,26850.0,24600.0,0.0,97600.0,0.0,61400.0,25050.0,1275.14,0.0,0.0,24123500.0,24050000.0,0.003056133056133056,0.0017833714362034403,0.7784121269179101,2.095833073181186,-0.09882163359855001,0.4360441410147753
26/12/2024,27000.0,24350.0,0.0,97500.0,0.0,61500.0,24900.0,1272.87,0.0,0.0,24050000.0,24146500.0,-0.003996438407222579,-0.0009183385137044864,0.7729936224998752,2.095833073181186,-0.09882163359855001,0.4360441410147753
25/12/2024,27150.0,24450.0,0.0,97600.0,0.0,62200.0,24450.0,1274.04,0.0,0.0,24146500.0,23727000.0,0.01768027984995996,0.010854041702370809,0.7801077133344381,2.095833073181186,-0.09882163359855001,0.4360441410147753
24/12/2024,26700.0,24000.0,0.0,97200.0,0.0,61300.0,23900.0,1260.36,0.0,0.0,23727000.0,23735000.0,-0.00033705498209395405,-0.0019005986885869408,0.7491816915199392,2.095833073181186,-0.09882163359855001,0.4360441410147753
23/12/2024,27000.0,23900.0,0.0,97300.0,0.0,61000.0,24050.0,1262.76,0.0,0.0,23735000.0,23587000.0,0.00627464281171832,0.004182902584493053,0.7497714607082966,2.095833073181186,-0.09882163359855001,0.4360441410147753
20/12/2024,26700.0,23800.0,0.0,97000.0,0.0,60600.0,24000.0,1257.5,0.0,0.0,23587000.0,23503500.0,0.0035526623694343397,0.0022555731786046973,0.7388607307236819,2.095833073181186,-0.09882163359855001,0.4360441410147753
19/12/2024,26850.0,23750.0,0.0,97400.0,0.0,59800.0,23850.0,1254.67,0.0,0.0,23503500.0,23863500.0,-0.015085800490288516,-0.008949447077409078,0.7327050148201999,2.095833073181186,-0.09882163359855001,0.4360441410147753
18/12/2024,27350.0,24200.0,0.0,97500.0,0.0,60200.0,24200.0,1266.0,0.0,0.0,23863500.0,23795000.0,0.002878756041185123,0.0033921947817265874,0.7592446282962895,2.095833073181186,-0.09882163359855001,0.4360441410147753
17/12/2024,27000.0,24200.0,0.0,97800.0,0.0,60300.0,24150.0,1261.72,0.0,0.0,23795000.0,23900000.0,-0.004393305439330544,-0.0016379303523528232,0.7541947296209779,2.095833073181186,-0.09882163359855001,0.4360441410147753
16/12/2024,27000.0,24300.0,0.0,98200.0,0.0,61000.0,24100.0,1263.79,0.0,0.0,23900000.0,23977000.0,-0.0032114109354798347,0.0009662830575729586,0.7619354502181708,2.095833073181186,-0.09882163359855001,0.4360441410147753
13/12/2024,27200.0,24350.0,0.0,97000.0,0.0,61000.0,24250.0,1262.57,0.0,0.0,23977000.0,23905000.0,0.0030119221920100396,-0.0037716495048722987,0.7676119786561122,2.095833073181186,-0.09882163359855001,0.4360441410147753
12/12/2024,27500.0,24250.0,0.0,96800.0,0.0,60000.0,24300.0,1267.35,0.0,0.0,23905000.0,23917500.0,-0.0005226298735235706,-0.001190044606970031,0.7623040559608945,2.095833073181186,-0.09882163359855001,0.4360441410147753
11/12/2024,27750.0,24150.0,0.0,96800.0,0.0,60000.0,24300.0,1268.86,0.0,0.0,23917500.0,23984000.0,-0.0027726817878585726,-0.002523446036774679,0.7632255703177031,2.095833073181186,-0.09882163359855001,0.4360441410147753
10/12/2024,27900.0,24050.0,0.0,97000.0,0.0,60800.0,24250.0,1272.07,0.0,0.0,23984000.0,24016500.0,-0.0013532363166989362,-0.0013894994661809434,0.7681280266959252,2.095833073181186,-0.09882163359855001,0.4360441410147753
09/12/2024,27650.0,24150.0,0.0,96800.0,0.0,61100.0,24400.0,1273.84,0.0,0.0,24016500.0,24001000.0,0.0006458064247323028,0.0029130647015287447,0.7705239640236277,2.095833073181186,-0.09882163359855001,0.4360441410147753
06/12/2024,27600.0,24150.0,0.0,96400.0,0.0,61100.0,24350.0,1270.14,0.0,0.0,24001000.0,24083500.0,-0.0034255818298835304,0.002059122860997409,0.7693812862211848,2.095833073181186,-0.09882163359855001,0.4360441410147753
05/12/2024,27850.0,24200.0,0.0,96000.0,0.0,61000.0,24550.0,1267.53,0.0,0.0,24083500.0,23182000.0,0.03888793029074282,0.021863738602558636,0.7754632809761219,2.095833073181186,-0.09882163359855001,0.4360441410147753
04/12/2024,26700.0,23450.0,0.0,94200.0,0.0,58100.0,23850.0,1240.41,0.0,0.0,23182000.0,23505000.0,-0.0137417570729632,-0.007537025035404654,0.7090036655630809,2.095833073181186,-0.09882163359855001,0.4360441410147753
03/12/2024,27000.0,23650.0,0.0,93600.0,0.0,59800.0,23950.0,1249.83,0.0,0.0,23505000.0,23564000.0,-0.0025038193855033103,-0.0011029323614741848,0.732815596543017,2.095833073181186,-0.09882163359855001,0.4360441410147753
02/12/2024,26900.0,23650.0,0.0,94000.0,0.0,60400.0,24150.0,1251.21,0.0,0.0,23564000.0,23522500.0,0.0017642682537995537,0.0005997792812244551,0.7371651443071539,2.095833073181186,-0.09882163359855001,0.4360441410147753
29/11/2024,26750.0,23600.0,0.0,92900.0,0.0,60500.0,24150.0,1250.46,0.0,0.0,23522500.0,23384000.0,0.005922853232979816,0.00672243199072553,0.7341057166425491,2.095833073181186,-0.09882163359855001,0.4360441410147753
28/11/2024,26400.0,23600.0,0.0,92800.0,0.0,60000.0,24000.0,1242.11,0.0,0.0,23384000.0,23353000.0,0.0013274525756862073,0.00011272413987439833,0.7238953375691091,2.095833073181186,-0.09882163359855001,0.4360441410147753
27/11/2024,26300.0,23500.0,0.0,93000.0,0.0,60200.0,24100.0,1241.97,0.0,0.0,23353000.0,23363500.0,-0.0004494189654803433,-0.00012881099401840235,0.7216099819642237,2.095833073181186,-0.09882163359855001,0.4360441410147753
26/11/2024,26350.0,23550.0,0.0,92800.0,0.0,60000.0,24100.0,1242.13,0.0,0.0,23363500.0,23218000.0,0.006266689637350332,0.006017656110796299,0.722384054023943,2.095833073181186,-0.09882163359855001,0.4360441410147753
25/11/2024,26300.0,23500.0,0.0,92900.0,0.0,59000.0,23950.0,1234.7,0.0,0.0,23218000.0,23181000.0,0.0015961347655407446,0.0053741551990882375,0.71165762691069,2.095833073181186,-0.09882163359855001,0.4360441410147753
22/11/2024,26100.0,23500.0,0.0,92900.0,0.0,59000.0,24000.0,1228.1,0.0,0.0,23181000.0,22978500.0,0.008812585677916313,-0.00018724609836118233,0.7089299444145365,2.095833073181186,-0.09882163359855001,0.4360441410147753
21/11/2024,25850.0,23200.0,0.0,94000.0,0.0,58700.0,24000.0,1228.33,0.0,0.0,22978500.0,22551000.0,0.018957030730344552,0.00969141992864997,0.6940014118342364,2.095833073181186,-0.09882163359855001,0.4360441410147753
20/11/2024,25600.0,22850.0,0.0,92800.0,0.0,56800.0,23550.0,1216.54,0.0,0.0,22551000.0,22369500.0,0.008113726279085362,0.009451105671492988,0.6624856208313799,2.095833073181186,-0.09882163359855001,0.4360441410147753
19/11/2024,25450.0,22400.0,0.0,91700.0,0.0,57500.0,23150.0,1205.15,0.0,0.0,22369500.0,22628000.0,-0.011423899593424077,-0.009834691731299916,0.649105232370518,2.095833073181186,-0.09882163359855001,0.4360441410147753
18/11/2024,25800.0,22450.0,0.0,91900.0,0.0,58900.0,23400.0,1217.12,0.0,0.0,22628000.0,22759000.0,-0.005755964673316051,-0.0011899193316756707,0.6681621492693213,2.095833073181186,-0.09882163359855001,0.4360441410147753
15/11/2024,25900.0,22450.0,0.0,91400.0,0.0,59900.0,23500.0,1218.57,0.0,0.0,22759000.0,23153000.0,-0.01701723318792381,-0.01081265372719975,0.6778196197286761,2.095833073181186,-0.09882163359855001,0.4360441410147753
14/11/2024,26300.0,22800.0,0.0,93000.0,0.0,61300.0,23800.0,1231.89,0.0,0.0,23153000.0,23545500.0,-0.016669851988702723,-0.01135597573111602,0.7068657522552853,2.095833073181186,-0.09882163359855001,0.4360441410147753
13/11/2024,27050.0,23150.0,0.0,93000.0,0.0,61900.0,24150.0,1246.04,0.0,0.0,23545500.0,23485000.0,0.002576112412177986,0.0009800613743353725,0.7358013030590773,2.095833073181186,-0.09882163359855001,0.4360441410147753
12/11/2024,27500.0,23050.0,0.0,93200.0,0.0,60800.0,24100.0,1244.82,0.0,0.0,23485000.0,23827000.0,-0.01435346455701515,-0.004398873888284638,0.7313411735721236,2.095833073181186,-0.09882163359855001,0.4360441410147753
11/11/2024,27700.0,23200.0,0.0,92900.0,0.0,63000.0,24300.0,1250.32,0.0,0.0,23827000.0,24065000.0,-0.009889881570745896,-0.001788337484831093,0.7565538063744086,2.095833073181186,-0.09882163359855001,0.4360441410147753
08/11/2024,27000.0,23600.0,0.0,93000.0,0.0,65000.0,24550.0,1252.56,0.0,0.0,24065000.0,24219500.0,-0.0063791572906129355,-0.005707481643183243,0.7740994397280456,2.095833073181186,-0.09882163359855001,0.4360441410147753
07/11/2024,26950.0,23850.0,0.0,93300.0,0.0,65400.0,24800.0,1259.75,0.0,0.0,24219500.0,24264500.0,-0.0018545611902161595,-0.0012130534060637022,0.7854893571782007,2.095833073181186,-0.09882163359855001,0.4360441410147753
06/11/2024,26950.0,23900.0,0.0,94300.0,0.0,65600.0,24850.0,1261.28,0.0,0.0,24264500.0,23950000.0,0.01313152400835073,0.012458258412535228,0.788806808862712,2.095833073181186,-0.09882163359855001,0.4360441410147753
05/11/2024,26500.0,23450.0,0.0,93500.0,0.0,65600.0,24450.0,1245.76,0.0,0.0,23950000.0,23858000.0,0.0038561488808785314,0.0008435699881899072,0.765621507645406,2.095833073181186,-0.09882163359855001,0.4360441410147753
04/11/2024,26300.0,23450.0,0.0,92700.0,0.0,65100.0,24450.0,1244.71,0.0,0.0,23858000.0,24115500.0,-0.01067777985113309,-0.00811226482002414,0.7588391619792942,2.095833073181186,-0.09882163359855001,0.4360441410147753
01/11/2024,26550.0,23700.0,0.0,91400.0,0.0,66000.0,24600.0,1254.89,0.0,0.0,24115500.0,24364000.0,-0.010199474634706945,-0.00758414526129314,0.7778223577295527,2.095833073181186,-0.09882163359855001,0.4360441410147753
31/10/2024,26900.0,23900.0,0.0,94800.0,0.0,66500.0,25050.0,1264.48,0.0,0.0,24364000.0,24370000.0,-0.00024620434961017645,0.004647910823673218,0.796142063142909,2.095833073181186,-0.09882163359855001,0.4360441410147753
30/10/2024,27000.0,24000.0,0.0,95500.0,0.0,66000.0,25000.0,1258.63,0.0,0.0,24370000.0,24330500.0,0.0016234767061918168,-0.002496473236221708,0.7965843900341771,2.095833073181186,-0.09882163359855001,0.4360441410147753
29/10/2024,27050.0,23750.0,0.0,96300.0,0.0,66500.0,25000.0,1261.78,0.0,0.0,24330500.0,24107500.0,0.009250233329876595,0.005586681224447609,0.7936724046666619,2.095833073181186,-0.09882163359855001,0.4360441410147753
28/10/2024,26750.0,23650.0,0.0,94900.0,0.0,65500.0,24800.0,1254.77,0.0,0.0,24107500.0,23969500.0,0.005757316589832913,0.0016364391084999763,0.7772325885411955,2.095833073181186,-0.09882163359855001,0.4360441410147753
25/10/2024,26450.0,23500.0,0.0,94100.0,0.0,65500.0,24650.0,1252.72,0.0,0.0,23969500.0,24024500.0,-0.002289329642656455,-0.0037298892167233477,0.7670590700420279,2.095833073181186,-0.09882163359855001,0.4360441410147753
24/10/2024,26450.0,23650.0,0.0,94000.0,0.0,65400.0,24700.0,1257.41,0.0,0.0,24024500.0,24329500.0,-0.012536221459544996,-0.010614525139664766,0.7711137332119862,2.095833073181186,-0.09882163359855001,0.4360441410147753
23/10/2024,26450.0,24200.0,0.0,93800.0,0.0,65700.0,25250.0,1270.9,0.0,0.0,24329500.0,24431500.0,-0.004174938092217015,0.0007953444786557018,0.7935986835181177,2.095833073181186,-0.09882163359855001,0.4360441410147753
22/10/2024,26650.0,24200.0,0.0,93000.0,0.0,66300.0,25250.0,1269.89,0.0,0.0,24431500.0,24412500.0,0.0007782898105478751,-0.007720137212155254,0.8011182406696764,2.095833073181186,-0.09882163359855001,0.4360441410147753
21/10/2024,26750.0,24150.0,0.0,94600.0,0.0,65800.0,25550.0,1279.77,0.0,0.0,24412500.0,24584500.0,-0.00699627814273221,-0.004426431005243314,0.799717538847327,2.095833073181186,-0.09882163359855001,0.4360441410147753
18/10/2024,26950.0,24450.0,0.0,94900.0,0.0,65700.0,25750.0,1285.46,0.0,0.0,24584500.0,24632500.0,-0.001948645082715924,-0.000823928116158279,0.8123975763970142,2.095833073181186,-0.09882163359855001,0.4360441410147753
17/10/2024,27250.0,24350.0,0.0,95100.0,0.0,65800.0,25900.0,1286.52,0.0,0.0,24632500.0,24471000.0,0.006599648563605901,0.005502235283083801,0.8159361915271595,2.095833073181186,-0.09882163359855001,0.4360441410147753
16/10/2024,27100.0,24200.0,0.0,94600.0,0.0,65500.0,25500.0,1279.48,0.0,0.0,24471000.0,24406500.0,0.0026427386147132937,-0.001248946201642287,0.8040302260371914,2.095833073181186,-0.09882163359855001,0.4360441410147753
15/10/2024,27150.0,24250.0,0.0,94100.0,0.0,64400.0,25650.0,1281.08,0.0,0.0,24406500.0,24365500.0,0.0016827071063594016,-0.0040891210721892834,0.7992752119560589,2.095833073181186,-0.09882163359855001,0.4360441410147753
14/10/2024,27050.0,24350.0,0.0,94700.0,0.0,63600.0,25850.0,1286.34,0.0,0.0,24365500.0,24518000.0,-0.0062199200587323596,-0.001591133119630106,0.7962526448657263,2.095833073181186,-0.09882163359855001,0.4360441410147753
11/10/2024,27300.0,24450.0,0.0,95400.0,0.0,64500.0,25550.0,1288.39,0.0,0.0,24518000.0,24592500.0,-0.003029378875673478,0.0015780963338414278,0.8074951200187921,2.095833073181186,-0.09882163359855001,0.4360441410147753
10/10/2024,27250.0,24550.0,0.0,95500.0,0.0,65000.0,25500.0,1286.36,0.0,0.0,24592500.0,24615000.0,-0.0009140767824497258,0.0035183523813238082,0.8129873455853718,2.095833073181186,-0.09882163359855001,0.4360441410147753
09/10/2024,27500.0,24650.0,0.0,94400.0,0.0,64200.0,25600.0,1281.85,0.0,0.0,24615000.0,24459500.0,0.006357448026329238,0.007759555967861154,0.8146460714276273,2.095833073181186,-0.09882163359855001,0.4360441410147753
08/10/2024,26950.0,24400.0,0.0,94800.0,0.0,65200.0,25200.0,1271.98,0.0,0.0,24459500.0,24354000.0,0.004331937258766527,0.0016142622034285292,0.8031824328289274,2.095833073181186,-0.09882163359855001,0.4360441410147753
07/10/2024,26400.0,24150.0,0.0,95400.0,0.0,66300.0,25200.0,1269.93,0.0,0.0,24354000.0,24272000.0,0.0033783783783783786,-0.0005273099323153119,0.7954048516574623,2.095833073181186,-0.09882163359855001,0.4360441410147753
04/10/2024,26200.0,24050.0,0.0,95400.0,0.0,66400.0,25100.0,1270.6,0.0,0.0,24272000.0,24422000.0,-0.006142003111948243,-0.0058680854393240445,0.7893597174767977,2.095833073181186,-0.09882163359855001,0.4360441410147753
03/10/2024,26200.0,24350.0,0.0,97200.0,0.0,66300.0,25500.0,1278.1,0.0,0.0,24422000.0,24793000.0,-0.014963901101117252,-0.00756305131072188,0.8004178897585017,2.095833073181186,-0.09882163359855001,0.4360441410147753
02/10/2024,26300.0,24900.0,0.0,98000.0,0.0,67400.0,25700.0,1287.84,0.0,0.0,24793000.0,24822500.0,-0.0011884379091550005,-0.0033740906980344043,0.8277684358685828,2.095833073181186,-0.09882163359855001,0.4360441410147753
01/10/2024,26750.0,24650.0,0.0,98400.0,0.0,67800.0,25650.0,1292.2,0.0,0.0,24822500.0,24593500.0,0.00931140341960274,0.00330760749724357,0.8299432097506514,2.095833073181186,-0.09882163359855001,0.4360441410147753
30/09/2024,26350.0,24200.0,0.0,98800.0,0.0,68100.0,25700.0,1287.94,0.0,0.0,24593500.0,24470500.0,0.005026460431948673,-0.0023084311963561532,0.8130610667339166,2.095833073181186,-0.09882163359855001,0.4360441410147753
27/09/2024,26050.0,24200.0,0.0,99000.0,0.0,67500.0,25700.0,1290.92,0.0,0.0,24470500.0,24510500.0,-0.0016319536525162685,-0.0004413506879650253,0.8039933654629192,2.095833073181186,-0.09882163359855001,0.4360441410147753
26/09/2024,26050.0,24100.0,0.0,99300.0,0.0,68300.0,25700.0,1291.49,0.0,0.0,24510500.0,24467000.0,0.0017779049331752973,0.003114611489110519,0.8069422114047069,2.095833073181186,-0.09882163359855001,0.4360441410147753
25/09/2024,26200.0,23800.0,0.0,99600.0,0.0,68700.0,25750.0,1287.48,0.0,0.0,24467000.0,24183500.0,0.011722868898215725,0.008214629715189714,0.8037353414430128,2.095833073181186,-0.09882163359855001,0.4360441410147753
24/09/2024,25850.0,23550.0,0.0,99400.0,0.0,68100.0,25250.0,1276.99,0.0,0.0,24183500.0,23947000.0,0.009875976113918236,0.006708816851664912,0.782835395830592,2.095833073181186,-0.09882163359855001,0.4360441410147753
23/09/2024,25700.0,23350.0,0.0,99100.0,0.0,67300.0,24800.0,1268.48,0.0,0.0,23947000.0,24081500.0,-0.005585200257459046,-0.0027986541303731682,0.7654003441997721,2.095833073181186,-0.09882163359855001,0.4360441410147753
20/09/2024,25650.0,23550.0,0.0,98800.0,0.0,68000.0,24750.0,1272.04,0.0,0.0,24081500.0,23842500.0,0.010024116598511061,0.0006056935190792423,0.7753158386790333,2.095833073181186,-0.09882163359855001,0.4360441410147753
19/09/2024,25250.0,23200.0,0.0,98900.0,0.0,68200.0,24400.0,1271.27,0.0,2300000.0,23842500.0,21431000.0,0.004698495638616156,0.005035971223021463,0.7576964841768514,2.095833073181186,-0.09882163359855001,0.4360441410147753
18/09/2024,25100.0,23000.0,0.0,100000.0,0.0,68200.0,24400.0,1264.9,0.0,0.0,21431000.0,21232500.0,0.009348875544566114,0.004726160689463521,0.749476576114118,2.095833073181186,-0.09882163359855001,0.4360441410147753
17/09/2024,25250.0,22750.0,0.0,100000.0,0.0,66800.0,24250.0,1258.95,0.0,0.0,21232500.0,20878500.0,0.01695524103743085,0.0158885141132612,0.7332724279008451,2.095833073181186,-0.09882163359855001,0.4360441410147753
16/09/2024,24850.0,22200.0,0.0,99500.0,0.0,66100.0,23900.0,1239.26,0.0,0.0,20878500.0,21020000.0,-0.006731684110371075,-0.009946393333919223,0.7043743499789374,2.095833073181186,-0.09882163359855001,0.4360441410147753
13/09/2024,25000.0,22200.0,0.0,99800.0,0.0,67200.0,23900.0,1251.71,0.0,0.0,21020000.0,21111000.0,-0.004310549002889489,-0.003693238349186001,0.7159254178488523,2.095833073181186,-0.09882163359855001,0.4360441410147753
12/09/2024,25100.0,22300.0,0.0,99400.0,0.0,67500.0,24000.0,1256.35,0.0,0.0,21111000.0,21123500.0,-0.0005917579946505077,0.0024575709942789015,0.723354019800529,2.095833073181186,-0.09882163359855001,0.4360441410147753
11/09/2024,25350.0,22100.0,0.0,99200.0,0.0,67800.0,23900.0,1253.27,0.0,0.0,21123500.0,21111500.0,0.0005684105819103333,-0.0015614668228133288,0.7243744321565286,2.095833073181186,-0.09882163359855001,0.4360441410147753
10/09/2024,25150.0,22250.0,0.0,99000.0,0.0,67800.0,23750.0,1255.23,0.0,0.0,21111500.0,21316000.0,-0.00959373240758116,-0.00986014372145494,0.7233948362947691,2.095833073181186,-0.09882163359855001,0.4360441410147753
09/09/2024,25600.0,22650.0,0.0,99500.0,0.0,67500.0,23950.0,1267.73,0.0,0.0,21316000.0,21374000.0,-0.002713577243379807,-0.00489026343056298,0.740088782438922,2.095833073181186,-0.09882163359855001,0.4360441410147753
06/09/2024,25400.0,22800.0,0.0,99600.0,0.0,68000.0,24000.0,1273.96,0.0,0.0,21374000.0,21285500.0,0.004157759977449438,0.004533949424779804,0.74482349577076,2.095833073181186,-0.09882163359855001,0.4360441410147753
05/09/2024,25050.0,22800.0,0.0,100100.0,0.0,67900.0,23950.0,1268.21,0.0,2525000.0,21285500.0,19027500.0,-0.012388354019255306,-0.00594920833986512,0.7375989762902833,2.095833073181186,-0.09882163359855001,0.4360441410147753
04/09/2024,25250.0,23000.0,0.0,101200.0,0.0,69100.0,24400.0,1275.8,0.0,0.0,19027500.0,19275000.0,-0.012840466926070038,-0.006285683129911845,0.7593949842144339,2.095833073181186,-0.09882163359855001,0.4360441410147753
30/08/2024,25500.0,23350.0,0.0,102200.0,0.0,69800.0,24850.0,1283.87,0.0,0.0,19275000.0,19111000.0,0.008581445240960703,0.0018728491498043454,0.7822802954005104,2.095833073181186,-0.09882163359855001,0.4360441410147753
29/08/2024,25600.0,23000.0,0.0,101000.0,0.0,69100.0,24850.0,1281.47,0.0,0.0,19111000.0,19132000.0,-0.001097637466025507,2.341116244219954e-05,0.7671158871802415,2.095833073181186,-0.09882163359855001,0.4360441410147753
28/08/2024,25700.0,23000.0,0.0,101600.0,0.0,69400.0,24650.0,1281.44,0.0,0.0,19132000.0,19047500.0,0.004436277726735792,0.0006871993502843843,0.7690576711596662,2.095833073181186,-0.09882163359855001,0.4360441410147753
27/08/2024,25750.0,22650.0,0.0,103000.0,0.0,69800.0,24400.0,1280.56,0.0,0.0,19047500.0,19035000.0,0.0006566850538481745,0.00042186840830615857,0.7612443022900766,2.095833073181186,-0.09882163359855001,0.4360441410147753
26/08/2024,26000.0,22500.0,0.0,102600.0,0.0,69800.0,24450.0,1280.02,0.0,0.0,19035000.0,19040500.0,-0.00028885796066279774,-0.004123486758161321,0.7600884784928001,2.095833073181186,-0.09882163359855001,0.4360441410147753
23/08/2024,26050.0,22400.0,0.0,108900.0,0.0,70000.0,24550.0,1285.32,0.0,0.0,19040500.0,18977500.0,0.003319720721907522,0.0019800745256395302,0.7605970409636018,2.095833073181186,-0.09882163359855001,0.4360441410147753
22/08/2024,25750.0,22350.0,0.0,109300.0,0.0,70000.0,24400.0,1282.78,0.0,0.0,18977500.0,18931500.0,0.002429812745952513,-0.0009890580584868136,0.7547716890253278,2.095833073181186,-0.09882163359855001,0.4360441410147753
21/08/2024,26150.0,22000.0,0.0,108400.0,0.0,69800.0,24750.0,1284.05,0.0,0.0,18931500.0,18768000.0,0.008711636828644502,0.009036973006954607,0.7505182574513498,2.095833073181186,-0.09882163359855001,0.4360441410147753
20/08/2024,25800.0,21850.0,0.0,108000.0,0.0,69500.0,24250.0,1272.55,0.0,0.0,18768000.0,18718500.0,0.002644442663674974,0.008663464434615964,0.735400082182972,2.095833073181186,-0.09882163359855001,0.4360441410147753
19/08/2024,25850.0,21900.0,0.0,104900.0,0.0,69000.0,24050.0,1261.62,0.0,0.0,18718500.0,18556000.0,0.008757275274843716,0.007498622457535742,0.7308230199457568,2.095833073181186,-0.09882163359855001,0.4360441410147753
16/08/2024,25600.0,21450.0,0.0,98100.0,0.0,69000.0,24050.0,1252.23,0.0,0.0,18556000.0,18032000.0,0.029059449866903283,0.023431625747817986,0.715797310581161,2.095833073181186,-0.09882163359855001,0.4360441410147753
15/08/2024,25200.0,21150.0,0.0,96900.0,0.0,65900.0,23250.0,1223.56,0.0,0.0,18032000.0,18159500.0,-0.007021118422864066,-0.0055268376735264635,0.6673451769993262,2.095833073181186,-0.09882163359855001,0.4360441410147753
14/08/2024,25450.0,21200.0,0.0,97400.0,0.0,66600.0,23400.0,1230.36,0.0,0.0,18159500.0,18124000.0,0.001958728757448687,-4.8763836738796584e-05,0.6791345797315473,2.095833073181186,-0.09882163359855001,0.4360441410147753
13/08/2024,25400.0,21000.0,0.0,97400.0,0.0,66700.0,23600.0,1230.42,0.0,0.0,18124000.0,18248500.0,-0.006822478559881634,0.00011379523360544042,0.6758520401472816,2.095833073181186,-0.09882163359855001,0.4360441410147753
12/08/2024,25850.0,21250.0,0.0,97000.0,0.0,66600.0,23700.0,1230.28,0.0,2105000.0,18248500.0,15990500.0,0.008455140780857118,0.0054264326108985905,0.6873640451681564,2.095833073181186,-0.09882163359855001,0.4360441410147753
09/08/2024,26050.0,21100.0,0.0,95600.0,0.0,65600.0,23450.0,1223.64,0.0,0.0,15990500.0,15531000.0,0.029585989311699184,0.012678760593220373,0.6732167618894909,2.095833073181186,-0.09882163359855001,0.4360441410147753
08/08/2024,25600.0,20850.0,0.0,94300.0,0.0,62400.0,23050.0,1208.32,0.0,0.0,15531000.0,15790500.0,-0.01643393179443336,-0.006217718853834375,0.6251355197714694,2.095833073181186,-0.09882163359855001,0.4360441410147753
07/08/2024,26050.0,21800.0,0.0,95500.0,0.0,62300.0,23350.0,1215.88,0.0,0.0,15790500.0,15923000.0,-0.008321296238146078,0.004627028456225091,0.6522891265824085,2.095833073181186,-0.09882163359855001,0.4360441410147753
06/08/2024,26300.0,22300.0,0.0,95600.0,0.0,62300.0,23400.0,1210.28,6180000.0,0.0,15923000.0,21929500.0,0.007911717093412983,0.018694184686087523,0.6661536849733503,2.095833073181186,-0.09882163359855001,0.4360441410147753
05/08/2024,25950.0,22300.0,0.0,95200.0,0.0,61600.0,22950.0,1188.07,0.0,0.0,21929500.0,22657500.0,-0.032130641068079,-0.039244703218502375,0.6530750230567384,2.095833073181186,-0.09882163359855001,0.4360441410147753
02/08/2024,27250.0,23500.0,0.0,99000.0,0.0,62900.0,23800.0,1236.6,0.0,0.0,22657500.0,22297000.0,0.016168094362470287,0.007856816848144987,0.7079526361708224,2.095833073181186,-0.09882163359855001,0.4360441410147753
01/08/2024,26700.0,23000.0,0.0,97800.0,0.0,62100.0,23400.0,1226.96,0.0,0.0,22297000.0,22842000.0,-0.02385955695648367,-0.019616303505365473,0.6807776642922136,2.095833073181186,-0.09882163359855001,0.4360441410147753
31/07/2024,27200.0,23250.0,0.0,97100.0,0.0,63800.0,24400.0,1251.51,0.0,0.0,22842000.0,22709000.0,0.005856708793870272,0.005180473230205873,0.7218604927910814,2.095833073181186,-0.09882163359855001,0.4360441410147753
30/07/2024,27900.0,22950.0,0.0,96900.0,0.0,63000.0,24500.0,1245.06,0.0,0.0,22709000.0,22429000.0,0.012483837888447992,-0.001235360179688727,0.7118347750106238,2.095833073181186,-0.09882163359855001,0.4360441410147753
29/07/2024,27900.0,22750.0,0.0,96800.0,0.0,62000.0,24100.0,1246.6,0.0,0.0,22429000.0,22199500.0,0.010338070677267506,0.0036148167231566664,0.6907280007359762,2.095833073181186,-0.09882163359855001,0.4360441410147753
26/07/2024,27450.0,22750.0,0.0,96200.0,0.0,61000.0,24300.0,1242.11,0.0,0.0,22199500.0,22153500.0,0.0020764213329722164,0.00723327305605781,0.6734279839644346,2.095833073181186,-0.09882163359855001,0.4360441410147753
25/07/2024,27350.0,22750.0,0.0,94800.0,0.0,61000.0,23950.0,1233.19,0.0,0.0,22153500.0,22322000.0,-0.007548606755667055,-0.004263324908960198,0.6699604424764567,2.095833073181186,-0.09882163359855001,0.4360441410147753
24/07/2024,27700.0,23000.0,0.0,94800.0,0.0,61400.0,23950.0,1238.47,0.0,0.0,22322000.0,22558000.0,-0.010461920383012678,0.005406677977934926,0.6826621977095928,2.095833073181186,-0.09882163359855001,0.4360441410147753
23/07/2024,27800.0,23050.0,0.0,93800.0,0.0,62500.0,23900.0,1231.81,0.0,0.0,22558000.0,23395500.0,-0.03579748242183326,-0.018196454759931258,0.700452193169653,2.095833073181186,-0.09882163359855001,0.4360441410147753
22/07/2024,28050.0,23650.0,0.0,94200.0,0.0,65300.0,25200.0,1254.64,0.0,0.0,23395500.0,23442000.0,-0.001983619145124136,-0.008017204573127268,0.7635840626518582,2.095833073181186,-0.09882163359855001,0.4360441410147753
19/07/2024,28200.0,23400.0,0.0,95700.0,0.0,65600.0,25400.0,1264.78,0.0,0.0,23442000.0,23354000.0,0.0037680911192943395,-0.007579799755186634,0.7670892948081836,2.095833073181186,-0.09882163359855001,0.4360441410147753
18/07/2024,28400.0,23700.0,0.0,96000.0,0.0,65000.0,24900.0,1274.44,0.0,0.0,23354000.0,22992000.0,0.015744606819763397,0.0045559882080306036,0.7604557371790086,2.095833073181186,-0.09882163359855001,0.4360441410147753
17/07/2024,28200.0,23700.0,0.0,95900.0,0.0,63500.0,24500.0,1268.66,0.0,0.0,22992000.0,22844500.0,0.006456696360174222,-0.009772241215129762,0.733167693295357,2.095833073181186,-0.09882163359855001,0.4360441410147753
16/07/2024,28450.0,22700.0,0.0,97100.0,0.0,64100.0,23550.0,1281.18,0.0,0.0,22844500.0,22824500.0,0.0008762513965256632,0.0010626494350769455,0.7220489461328194,2.095833073181186,-0.09882163359855001,0.4360441410147753
15/07/2024,28450.0,22650.0,0.0,97700.0,0.0,64300.0,23050.0,1279.82,0.0,0.0,22824500.0,22955000.0,-0.005685035939882378,-0.0007261370290845282,0.7205413193989161,2.095833073181186,-0.09882163359855001,0.4360441410147753
12/07/2024,28500.0,22800.0,0.0,97700.0,0.0,64800.0,23000.0,1280.75,0.0,0.0,22955000.0,23003500.0,-0.002108374812528528,-0.002375759464090965,0.7303785838376358,2.095833073181186,-0.09882163359855001,0.4360441410147753
11/07/2024,28850.0,22800.0,0.0,97400.0,0.0,64800.0,23100.0,1283.8,0.0,0.0,23003500.0,23184500.0,-0.007806939981453126,-0.0016641522932641095,0.7340345786673517,2.095833073181186,-0.09882163359855001,0.4360441410147753
10/07/2024,28950.0,23150.0,0.0,98000.0,0.0,65200.0,23300.0,1285.94,0.0,0.0,23184500.0,23535000.0,-0.014892712980667092,-0.006005982793670928,0.7476786006091773,2.095833073181186,-0.09882163359855001,0.4360441410147753
09/07/2024,29000.0,23350.0,0.0,98700.0,0.0,66800.0,23150.0,1293.71,0.0,0.0,23535000.0,23528000.0,0.0002975178510710643,0.007907694225435469,0.7740997591208345,2.095833073181186,-0.09882163359855001,0.4360441410147753
08/07/2024,28800.0,23450.0,0.0,95400.0,0.0,67000.0,22700.0,1283.56,0.0,0.0,23528000.0,23251500.0,0.011891705911446573,0.00040528744232437575,0.7735720897639682,2.095833073181186,-0.09882163359855001,0.4360441410147753
05/07/2024,28650.0,23500.0,0.0,95000.0,0.0,65600.0,22800.0,1283.04,0.0,0.0,23251500.0,23157000.0,0.004080839486980179,0.0024611490049926132,0.7527291501677538,2.095833073181186,-0.09882163359855001,0.4360441410147753
04/07/2024,28700.0,23500.0,0.0,94900.0,0.0,65100.0,22800.0,1279.89,0.0,0.0,23157000.0,23252500.0,-0.0041070852596495,0.0023808591455536376,0.74560561385006,2.095833073181186,-0.09882163359855001,0.4360441410147753
03/07/2024,28750.0,23500.0,0.0,94600.0,0.0,65500.0,22900.0,1276.85,0.0,0.0,23252500.0,23207000.0,0.0019606153315809885,0.005559974483969832,0.7528045315044487,2.095833073181186,-0.09882163359855001,0.4360441410147753
02/07/2024,28700.0,22900.0,0.0,95000.0,0.0,66000.0,22700.0,1269.79,0.0,0.0,23207000.0,23053500.0,0.006658424968009196,0.012139714322152884,0.7493746806848185,2.095833073181186,-0.09882163359855001,0.4360441410147753
01/07/2024,28350.0,22650.0,0.0,94000.0,0.0,65800.0,22450.0,1254.56,0.0,0.0,23053500.0,22483000.0,0.025374727571943246,0.00741977965502838,0.7378036455021098,2.095833073181186,-0.09882163359855001,0.4360441410147753
28/06/2024,28300.0,23350.0,0.0,95500.0,0.0,62400.0,22200.0,1245.32,100000.0,0.0,22483000.0,22793500.0,-0.009235088950797377,-0.010936469990231013,0.6947985929175153,2.095833073181186,-0.09882163359855001,0.4360441410147753
27/06/2024,28850.0,23450.0,0.0,95500.0,0.0,63400.0,22500.0,1259.09,0.0,0.0,22793500.0,22749000.0,0.0019561299397775726,-0.001704671593035445,0.7105961000604608,2.095833073181186,-0.09882163359855001,0.4360441410147753
26/06/2024,28900.0,24000.0,0.0,96100.0,0.0,62600.0,22500.0,1261.24,0.0,0.0,22749000.0,22617000.0,0.005836317814033692,0.003724454065066496,0.70725648453618,2.095833073181186,-0.09882163359855001,0.4360441410147753
25/06/2024,28700.0,24000.0,0.0,96500.0,0.0,62000.0,22600.0,1256.56,0.0,0.0,22617000.0,22612000.0,0.00022112152839200424,0.001945587344113875,0.6973502092731452,2.095833073181186,-0.09882163359855001,0.4360441410147753
24/06/2024,28700.0,23950.0,0.0,97300.0,0.0,62000.0,22650.0,1254.12,0.0,0.0,22612000.0,23115500.0,-0.021781921221691074,-0.021762531005756647,0.6969749715737876,2.095833073181186,-0.09882163359855001,0.4360441410147753
21/06/2024,29050.0,24500.0,0.0,97700.0,0.0,63500.0,23200.0,1282.02,0.0,0.0,23115500.0,23213500.0,-0.004221681349214896,-0.0002183576386181052,0.7347614078990752,2.095833073181186,-0.09882163359855001,0.4360441410147753
20/06/2024,29350.0,24800.0,0.0,97800.0,0.0,63500.0,23250.0,1282.3,0.0,0.0,23213500.0,23048500.0,0.007158817276612361,0.0019612592690987363,0.7421160668064797,2.095833073181186,-0.09882163359855001,0.4360441410147753
19/06/2024,29350.0,48300.0,0.0,96800.0,0.0,63300.0,23300.0,1279.79,0.0,0.0,23048500.0,22879000.0,0.0074085405830674415,0.00022665103556063215,0.7297332227276863,2.095833073181186,-0.09882163359855001,0.4360441410147753
18/06/2024,29400.0,48800.0,0.0,96600.0,0.0,62200.0,23250.0,1279.5,0.0,0.0,22879000.0,22824500.0,0.0023877850555324323,0.0037104732618433722,0.7170126647194712,2.095833073181186,-0.09882163359855001,0.4360441410147753
17/06/2024,29450.0,48600.0,0.0,96000.0,0.0,62000.0,23250.0,1274.77,0.0,0.0,22824500.0,23021000.0,-0.008535684809521741,-0.004015907368486893,0.7129225737964757,2.095833073181186,-0.09882163359855001,0.4360441410147753
14/06/2024,29100.0,49100.0,0.0,95800.0,0.0,63000.0,23100.0,1279.91,0.0,0.0,23021000.0,23340000.0,-0.013667523564695801,-0.016596107598097487,0.7276694153812204,2.095833073181186,-0.09882163359855001,0.4360441410147753
13/06/2024,29500.0,49400.0,0.0,97300.0,0.0,64000.0,23550.0,1301.51,0.0,0.0,23340000.0,23186000.0,0.006641939101181747,0.001015236234704009,0.751609580600221,2.095833073181186,-0.09882163359855001,0.4360441410147753
12/06/2024,29600.0,49400.0,0.0,96900.0,0.0,63400.0,23100.0,1300.19,0.0,0.0,23186000.0,22851000.0,0.014660189926042623,0.012285796591431142,0.7400522594600136,2.095833073181186,-0.09882163359855001,0.4360441410147753
11/06/2024,29100.0,49350.0,0.0,94300.0,0.0,62300.0,22550.0,1284.41,0.0,0.0,22851000.0,22978000.0,-0.005527025850813822,-0.004850194085242565,0.7149113336030697,2.095833073181186,-0.09882163359855001,0.4360441410147753
10/06/2024,29300.0,48900.0,0.0,94600.0,0.0,63000.0,22650.0,1290.67,0.0,0.0,22978000.0,22798000.0,0.007895429423633651,0.002399850883052057,0.7244423711667469,2.095833073181186,-0.09882163359855001,0.4360441410147753
07/06/2024,29300.0,49100.0,0.0,94600.0,0.0,62100.0,22450.0,1287.58,0.0,2235700.0,22798000.0,20403000.0,0.00703662312765309,0.0031319143631773905,0.7109338139898813,2.095833073181186,-0.09882163359855001,0.4360441410147753
06/06/2024,29300.0,48000.0,0.0,95000.0,0.0,61900.0,0.0,1283.56,0.0,0.0,20403000.0,20367500.0,0.0017429728734503498,-0.0006150971308443998,0.6989787408883554,2.095833073181186,-0.09882163359855001,0.4360441410147753
05/06/2024,29250.0,47500.0,0.0,94400.0,0.0,62000.0,0.0,1284.35,0.0,0.0,20367500.0,20743000.0,-0.018102492407077085,0.0006466591872349436,0.6960226194698611,2.095833073181186,-0.09882163359855001,0.4360441410147753
04/06/2024,29300.0,47600.0,0.0,94800.0,0.0,63800.0,0.0,1283.52,0.0,0.0,20743000.0,20705000.0,0.0018353054817676889,0.00275000000000003,0.7272908896852008,2.095833073181186,-0.09882163359855001,0.4360441410147753
03/06/2024,29000.0,47150.0,0.0,93600.0,0.0,64000.0,0.0,1280.0,0.0,0.0,20705000.0,20566000.0,0.00675872799766605,0.014488159021018854,0.724126590702024,2.095833073181186,-0.09882163359855001,0.4360441410147753
31/05/2024,28600.0,47000.0,0.0,93900.0,0.0,63600.0,0.0,1261.72,0.0,0.0,20566000.0,20347500.0,0.010738419953311217,-0.003632573125276317,0.7125519181056668,2.095833073181186,-0.09882163359855001,0.4360441410147753
30/05/2024,28250.0,46800.0,0.0,92900.0,0.0,62800.0,0.0,1266.32,0.0,0.0,20347500.0,19896000.0,0.022693003618817854,-0.004966054815187415,0.6943571989524,2.095833073181186,-0.09882163359855001,0.4360441410147753
29/05/2024,28600.0,46500.0,0.0,93300.0,0.0,60500.0,0.0,1272.64,0.0,0.0,19896000.0,20196500.0,-0.014878815636372639,-0.0070919772494986155,0.6567603307707066,2.095833073181186,-0.09882163359855001,0.4360441410147753
28/05/2024,29150.0,46900.0,0.0,94900.0,0.0,61500.0,0.0,1281.73,0.0,0.0,20196500.0,19829000.0,0.0185334610923395,0.011083238672220164,0.6817832740455656,2.095833073181186,-0.09882163359855001,0.4360441410147753
27/05/2024,28900.0,46500.0,0.0,94200.0,0.0,60000.0,0.0,1267.68,0.0,0.0,19829000.0,19919000.0,-0.004518299111401175,0.004556512643332011,0.6511811720372103,2.095833073181186,-0.09882163359855001,0.4360441410147753
24/05/2024,28900.0,46400.0,0.0,94900.0,0.0,60500.0,0.0,1261.93,0.0,0.0,19919000.0,20179500.0,-0.012909140464332615,-0.01490987720818393,0.6586755643657871,2.095833073181186,-0.09882163359855001,0.4360441410147753
23/05/2024,28450.0,46500.0,0.0,98100.0,0.0,62000.0,0.0,1281.03,0.0,0.0,20179500.0,19685454.545454547,0.025096979772790177,0.011145227364216748,0.6803676666057232,2.095833073181186,-0.09882163359855001,0.4360441410147753
22/05/2024,28454.54545454545,46400.0,0.0,98100.0,0.0,61000.0,0.0,1266.91,0.0,0.0,19685454.545454547,20005000.0,-0.015973279407420805,-0.008010085033747338,0.6392279947777935,2.095833073181186,-0.09882163359855001,0.4360441410147753
21/05/2024,31850.0,47200.0,0.0,98000.0,0.0,60500.0,0.0,1277.14,150000.0,0.0,20005000.0,20170000.0,-0.0007436787307882995,-0.0003444011333927355,0.6658368725908714,2.095833073181186,-0.09882163359855001,0.4360441410147753
20/05/2024,32000.0,49700.0,0.0,97400.0,0.0,60000.0,0.0,1277.58,0.0,0.0,20170000.0,20055000.0,0.0057342308651209175,0.0035110870231165325,0.6670766420321448,2.095833073181186,-0.09882163359855001,0.4360441410147753
17/05/2024,31600.0,49750.0,0.0,99100.0,0.0,59600.0,0.0,1273.11,0.0,0.0,20055000.0,20130000.0,-0.0037257824143070045,0.003412727186746345,0.6575717429823829,2.095833073181186,-0.09882163359855001,0.4360441410147753
16/05/2024,31600.0,49900.0,0.0,97200.0,0.0,59900.0,0.0,1268.78,0.0,0.0,20130000.0,20090000.0,0.001991040318566451,0.011471711349739566,0.6637705901887492,2.095833073181186,-0.09882163359855001,0.4360441410147753
15/05/2024,31200.0,48100.0,0.0,96700.0,0.0,60800.0,0.0,1254.39,0.0,0.0,20090000.0,19830000.0,0.013111447302067574,0.008936040151856561,0.6604645383453536,2.095833073181186,-0.09882163359855001,0.4360441410147753
14/05/2024,30200.0,47900.0,0.0,96400.0,0.0,60100.0,0.0,1243.28,0.0,0.0,19830000.0,19520000.0,0.015881147540983607,0.002499637149445899,0.6389752013632835,2.095833073181186,-0.09882163359855001,0.4360441410147753
13/05/2024,30200.0,48400.0,0.0,97200.0,0.0,58300.0,0.0,1240.18,0.0,0.0,19520000.0,19675000.0,-0.007878017789072427,-0.0036313971238048914,0.6133532995769688,2.095833073181186,-0.09882163359855001,0.4360441410147753
10/05/2024,30450.0,48500.0,0.0,97500.0,0.0,58900.0,0.0,1244.7,0.0,0.0,19675000.0,19670000.0,0.0002541942043721403,-0.0031554331112250145,0.6261642504701259,2.095833073181186,-0.09882163359855001,0.4360441410147753
09/05/2024,30450.0,48450.0,0.0,96500.0,0.0,58900.0,0.0,1248.64,0.0,0.0,19670000.0,19710000.0,-0.0020294266869609334,-0.0014554643891047103,0.6257509939897015,2.095833073181186,-0.09882163359855001,0.4360441410147753
08/05/2024,30700.0,48200.0,0.0,97600.0,0.0,59100.0,0.0,1250.46,0.0,0.0,19710000.0,19665000.0,0.002288329519450801,0.001465606304509759,0.6290570458330969,2.095833073181186,-0.09882163359855001,0.4360441410147753
07/05/2024,30150.0,47900.0,0.0,98000.0,0.0,59300.0,0.0,1248.63,0.0,0.0,19665000.0,19425000.0,0.012355212355212355,0.005678248683129716,0.6253377375092768,2.095833073181186,-0.09882163359855001,0.4360441410147753
06/05/2024,29300.0,48350.0,0.0,95900.0,0.0,58300.0,0.0,1241.58,0.0,0.0,19425000.0,18825000.0,0.03187250996015936,0.016830053315643356,0.605501426448904,2.095833073181186,-0.09882163359855001,0.4360441410147753
03/05/2024,28650.0,48200.0,0.0,96500.0,0.0,55700.0,0.0,1221.03,0.0,0.0,18825000.0,18640000.0,0.00992489270386266,0.0038393238843763555,0.5559106487979726,2.095833073181186,-0.09882163359855001,0.4360441410147753
02/05/2024,28350.0,46850.0,0.0,96100.0,0.0,55600.0,0.0,1216.36,0.0,0.0,18640000.0,18480000.0,0.008658008658008658,0.0056551359216878705,0.5406201590222688,2.095833073181186,-0.09882163359855001,0.4360441410147753
26/04/2024,28400.0,46600.0,0.0,95000.0,0.0,54900.0,0.0,1209.52,0.0,0.0,18480000.0,18230000.0,0.013713658804168952,0.0037760276189449105,0.5273959516486872,2.095833073181186,-0.09882163359855001,0.4360441410147753
25/04/2024,28550.0,46150.0,0.0,94200.0,0.0,53800.0,0.0,1204.97,0.0,0.0,18230000.0,18040000.0,0.010532150776053215,-0.0005308516020934295,0.506733127627466,2.095833073181186,-0.09882163359855001,0.4360441410147753
24/04/2024,28800.0,47000.0,0.0,94300.0,0.0,52300.0,0.0,1205.61,0.0,0.0,18040000.0,17340000.0,0.040369088811995385,0.023959571938168667,0.4910293813713378,2.095833073181186,-0.09882163359855001,0.4360441410147753
23/04/2024,27600.0,46200.0,0.0,92500.0,0.0,49800.0,0.0,1177.4,0.0,0.0,17340000.0,17045000.0,0.017307128190085067,-0.010771117944581632,0.43317347411191776,2.095833073181186,-0.09882163359855001,0.4360441410147753
22/04/2024,28000.0,45250.0,0.0,93400.0,0.0,48600.0,0.0,1190.22,0.0,0.0,17045000.0,16870000.0,0.01037344398340249,0.013082521172915751,0.40879134176687626,2.095833073181186,-0.09882163359855001,0.4360441410147753
19/04/2024,27800.0,44500.0,0.0,91500.0,0.0,48200.0,0.0,1174.85,0.0,0.0,16870000.0,17165000.0,-0.017186134576172445,-0.015222001492024462,0.39432736495202136,2.095833073181186,-0.09882163359855001,0.4360441410147753
17/04/2024,28000.0,44850.0,0.0,92500.0,0.0,49400.0,0.0,1193.01,0.0,0.0,17165000.0,17365000.0,-0.01151742009789807,-0.018647999473545673,0.41870949729706264,2.095833073181186,-0.09882163359855001,0.4360441410147753
16/04/2024,28350.0,45500.0,0.0,95900.0,0.0,49900.0,0.0,1215.68,0.0,0.0,17365000.0,17270000.0,0.0055008685581933985,-0.0007644191647281362,0.4352397565140398,2.095833073181186,-0.09882163359855001,0.4360441410147753
15/04/2024,28500.0,44400.0,0.0,96500.0,0.0,49900.0,0.0,1216.61,0.0,0.0,17270000.0,18135000.0,-0.04769782189137028,-0.046992010026633224,0.42738788338597566,2.095833073181186,-0.09882163359855001,0.4360441410147753
12/04/2024,29950.0,47400.0,0.0,103100.0,0.0,52000.0,0.0,1276.6,0.0,0.0,18135000.0,17960000.0,0.009743875278396437,0.014624066126212032,0.4988812544994017,2.095833073181186,-0.09882163359855001,0.4360441410147753
11/04/2024,29900.0,45100.0,0.0,100000.0,0.0,52300.0,0.0,1258.2,0.0,0.0,17960000.0,17930000.0,0.0016731734523145567,-0.00028604118993125205,0.48441727768454657,2.095833073181186,-0.09882163359855001,0.4360441410147753
10/04/2024,29650.0,45650.0,0.0,100600.0,0.0,52000.0,0.0,1258.56,0.0,0.0,17930000.0,18130000.0,-0.011031439602868174,-0.003373402385138058,0.4819377388020001,2.095833073181186,-0.09882163359855001,0.4360441410147753
09/04/2024,29900.0,45800.0,0.0,97000.0,0.0,52800.0,0.0,1262.82,0.0,0.0,18130000.0,17510000.0,0.03540833809251856,0.00997320750189945,0.49846799801897723,2.095833073181186,-0.09882163359855001,0.4360441410147753
08/04/2024,29600.0,45500.0,0.0,95500.0,0.0,50000.0,0.0,1250.35,0.0,0.0,17510000.0,17665000.0,-0.00877441268044155,-0.00379249627522682,0.4472241944463482,2.095833073181186,-0.09882163359855001,0.4360441410147753
05/04/2024,29450.0,45200.0,0.0,96900.0,0.0,51000.0,0.0,1255.11,0.0,0.0,17665000.0,17700000.0,-0.0019774011299435027,-0.010360733293908964,0.4600351453395055,2.095833073181186,-0.09882163359855001,0.4360441410147753
04/04/2024,29600.0,46000.0,0.0,97500.0,0.0,50700.0,0.0,1268.25,0.0,0.0,17700000.0,17715000.0,-0.000846740050804403,-0.002532501749943017,0.46292794070247645,2.095833073181186,-0.09882163359855001,0.4360441410147753
03/04/2024,29950.0,46800.0,0.0,97000.0,0.0,50200.0,0.0,1271.47,0.0,0.0,17715000.0,18125000.0,-0.022620689655172412,-0.01209752610641468,0.4641677101437498,2.095833073181186,-0.09882163359855001,0.4360441410147753
02/04/2024,30400.0,47650.0,0.0,99000.0,0.0,51600.0,0.0,1287.04,9800000.0,0.0,18125000.0,27925000.0,0.0,0.004307384980335893,0.498054741538553,2.095833073181186,-0.09882163359855001,0.4360441410147753
01/04/2024,30100.0,47450.0,0.0,98900.0,0.0,51400.0,0.0,1281.52,0.0,0.0,27925000.0,27890000.0,0.001254930082466834,-0.002001417346136125,0.498054741538553,2.095833073181186,-0.09882163359855001,0.4360441410147753
29/03/2024,30250.0,47550.0,0.0,98900.0,0.0,51100.0,0.0,1284.09,0.0,0.0,27890000.0,27825000.0,0.002336028751123091,-0.004720271590010761,0.4961771438320588,2.095833073181186,-0.09882163359855001,0.4360441410147753
28/03/2024,30550.0,48000.0,0.0,97700.0,0.0,51000.0,0.0,1290.18,0.0,0.0,27825000.0,27505000.0,0.011634248318487547,0.005525723059177645,0.4926901766628553,2.095833073181186,-0.09882163359855001,0.4360441410147753
27/03/2024,30600.0,45550.0,0.0,97500.0,0.0,50700.0,0.0,1283.09,0.0,0.0,27505000.0,27120000.0,0.014196165191740414,0.0006863150341986923,0.4755235690606232,2.095833073181186,-0.09882163359855001,0.4360441410147753
26/03/2024,30550.0,45950.0,0.0,97400.0,0.0,48650.0,0.0,1282.21,0.0,0.0,27120000.0,26760000.0,0.013452914798206279,0.011318284353162067,0.4548699942891876,2.095833073181186,-0.09882163359855001,0.4360441410147753
25/03/2024,30200.0,44800.0,0.0,96000.0,0.0,48300.0,0.0,1267.86,0.0,0.0,26760000.0,27215000.0,-0.016718721293404373,-0.010875331564986768,0.4355575607366762,2.095833073181186,-0.09882163359855001,0.4360441410147753
22/03/2024,30550.0,44900.0,0.0,98500.0,0.0,49100.0,0.0,1281.8,0.0,0.0,27215000.0,27105000.0,0.0040582918280760005,0.004214913586436886,0.4599663309211002,2.095833073181186,-0.09882163359855001,0.4360441410147753
21/03/2024,30250.0,45100.0,0.0,98700.0,0.0,48500.0,0.0,1276.42,0.0,0.0,27105000.0,26650000.0,0.01707317073170732,0.012967430639324595,0.45406530955783286,2.095833073181186,-0.09882163359855001,0.4360441410147753
20/03/2024,30000.0,42300.0,0.0,98200.0,0.0,48000.0,0.0,1260.08,0.0,0.0,26650000.0,25760000.0,0.03454968944099379,0.014181543067784741,0.42965653937340886,2.095833073181186,-0.09882163359855001,0.4360441410147753
19/03/2024,29800.0,40300.0,0.0,96500.0,0.0,45500.0,0.0,1242.46,0.0,0.0,25760000.0,25880000.0,-0.00463678516228748,-0.0008845572388946898,0.3819119119797003,2.095833073181186,-0.09882163359855001,0.4360441410147753
18/03/2024,29600.0,40100.0,0.0,97300.0,0.0,45900.0,0.0,1243.56,60000.0,0.0,25880000.0,26570000.0,-0.023710952201731274,-0.015999620187057917,0.38834938983053746,2.095833073181186,-0.09882163359855001,0.4360441410147753
15/03/2024,30100.0,41400.0,0.0,99500.0,0.0,47350.0,0.0,1263.78,0.0,0.0,26570000.0,26655000.0003837,-0.0031888951559736482,-0.00037966873902517406,0.42206797562827214,2.095833073181186,-0.09882163359855001,0.4360441410147753
14/03/2024,30350.0,41400.0,0.0,100300.000003837,0.0,47250.0,0.0,1264.26,0.0,0.0,26655000.0003837,27079643.21148609,-0.01568127053174291,-0.004919284381862399,0.42661730865326475,2.095833073181186,-0.09882163359855001,0.4360441410147753
13/03/2024,30800.0,42000.0,0.0,100896.4321148609,0.0,48550.0,0.0,1270.51,0.0,0.0,27079643.21148609,26331129.831892833,0.028426937407244914,0.02048995983935753,0.4493448777754576,2.095833073181186,-0.09882163359855001,0.4360441410147753
12/03/2024,30200.0,41200.0,0.0,98411.29831892833,0.0,46750.0,0.0,1245.0,0.0,0.0,26331129.831892833,26151129.831892833,0.006883067812254883,0.0076973508486510855,0.4092832704570961,2.095833073181186,-0.09882163359855001,0.4360441410147753
11/03/2024,29900.0,40400.0,0.0,98411.29831892833,0.0,46400.0,0.0,1235.49,0.0,0.0,26151129.831892833,26272616.45229958,-0.004624077720896863,-0.009508157293462105,0.3996493888006005,2.095833073181186,-0.09882163359855001,0.4360441410147753
08/03/2024,30300.0,41000.0,0.0,95926.1645229958,0.0,47750.0,0.0,1247.35,0.0,0.0,26272616.45229958,26752616.45229958,-0.017942170286627816,-0.01664222758305356,0.4061515428219684,2.095833073181186,-0.09882163359855001,0.4360441410147753
07/03/2024,31000.0,42600.0,0.0,95926.1645229958,0.0,49000.0,0.0,1268.46,0.0,0.0,26752616.45229958,26538508.424543627,0.008067824473433469,0.004537787175405761,0.43184189390595673,2.095833073181186,-0.09882163359855001,0.4360441410147753
06/03/2024,30800.0,42750.0,0.0,94435.08424543629,0.0,48700.0,0.0,1262.73,0.0,0.0,26538508.424543627,26957438.05785077,-0.015540409752889698,-0.005708751318918459,0.42038249723314247,2.095833073181186,-0.09882163359855001,0.4360441410147753
05/03/2024,31150.0,42200.0,0.0,96224.3805785077,0.0,50000.0,0.0,1269.98,0.0,0.0,26957438.05785077,26248151.635646008,0.02702233787927087,0.006793984509398054,0.4428042667313654,2.095833073181186,-0.09882163359855001,0.4360441410147753
04/03/2024,30800.0,41850.0,0.0,95031.51635646008,0.0,47400.0,0.0,1261.41,0.0,0.0,26248151.635646008,26103092.170829736,0.005557175520315426,0.002487522649966767,0.40484214755314385,2.095833073181186,-0.09882163359855001,0.4360441410147753
01/03/2024,30850.0,41850.0,0.0,95130.92170829738,0.0,46600.0,0.0,1258.28,0.0,0.0,26103092.170829736,25546243.80609204,0.021797661095088457,0.004430324172008282,0.39707833801317416,2.095833073181186,-0.09882163359855001,0.4360441410147753
29/02/2024,31000.0,42200.0,0.0,89862.43806092041,0.0,46200.0,0.0,1252.73,0.0,0.0,25546243.80609204,25306362.735724583,0.009479081323244421,-0.0014507193814514707,0.3672749421993069,2.095833073181186,-0.09882163359855001,0.4360441410147753
28/02/2024,30600.0,42200.0,0.0,89663.62735724582,0.0,45300.0,0.0,1254.55,0.0,0.0,25306362.735724583,25116541.130173393,0.00755763321738403,0.013810547411633456,0.3544361319573428,2.095833073181186,-0.09882163359855001,0.4360441410147753
27/02/2024,30350.0,41950.0,0.0,89365.41130173391,0.0,44750.0,0.0,1237.46,0.0,0.0,25116541.130173393,24667373.637601167,0.018208971055092265,0.010856335312905863,0.3442765826033085,2.095833073181186,-0.09882163359855001,0.4360441410147753
26/02/2024,28800.0,41200.0,0.0,87973.73637601169,0.0,44350.0,0.0,1224.17,0.0,0.0,24667373.637601167,24377789.891315058,0.011878999186438862,0.01004125412541268,0.32023643556227666,2.095833073181186,-0.09882163359855001,0.4360441410147753
23/02/2024,28400.0,40100.0,0.0,87277.89891315058,0.0,44000.0,0.0,1212.0,0.0,0.0,24377789.891315058,24851719.524622202,-0.019070295431170926,-0.012474435961574493,0.30473746033247107,2.095833073181186,-0.09882163359855001,0.4360441410147753
22/02/2024,28550.0,40300.0,0.0,89067.195246222,0.0,45300.0,0.0,1227.31,0.0,0.0,24851719.524622202,24757611.49686625,0.0038011755604075662,-0.0022194400182108387,0.3301029158924009,2.095833073181186,-0.09882163359855001,0.4360441410147753
21/02/2024,28800.0,39000.0,0.0,87576.11496866248,0.0,46100.0,0.0,1230.04,0.0,0.0,24757611.49686625,24987254.70796863,-0.009190413824418509,-1.62593694615909e-05,0.325066106990584,2.095833073181186,-0.09882163359855001,0.4360441410147753
20/02/2024,29200.0,38900.0,0.0,88172.5470796863,0.0,46800.0,0.0,1230.06,0.0,0.0,24987254.70796863,24987254.70796863,0.0,0.0041552038009093906,0.33735697098490625,2.095833073181186,-0.09882163359855001,0.4360441410147753
19/02/2024,29200.0,38900.0,0.0,88172.5470796863,0.0,46800.0,0.0,1224.97,0.0,0.0,24987254.70796863,24966184.341275774,0.0008439562251417414,0.012622964371331813,0.33735697098490625,2.095833073181186,-0.09882163359855001,0.4360441410147753
16/02/2024,28600.0,38500.0,0.0,89961.84341275772,0.0,46300.0,0.0,1209.7,0.0,0.0,24966184.341275774,24915946.482010692,0.0020162934328564765,0.0059875259875259434,0.3362292519894734,2.095833073181186,-0.09882163359855001,0.4360441410147753
15/02/2024,28700.0,38400.0,0.0,90359.46482010692,0.0,45850.0,0.0,1202.5,0.0,0.0,24915946.482010692,24930768.087561883,-0.0005945105862416356,0.00331239101232339,0.33354044315149856,2.095833073181186,-0.09882163359855001,0.4360441410147753
07/02/2024,28150.0,37300.0,0.0,90657.68087561884,0.0,46600.0,0.0,1198.53,0.0,0.0,24930768.087561883,24815887.01719442,0.004629335646469707,0.008456179321486124,0.3343337186728286,2.095833073181186,-0.09882163359855001,0.4360441410147753
06/02/2024,28050.0,35650.0,0.0,90458.87017194422,0.0,47000.0,0.0,1188.48,0.0,0.0,24815887.01719442,24875887.01719442,-0.002411974292957976,0.0020403689526669044,0.3281851040256525,2.095833073181186,-0.09882163359855001,0.4360441410147753
05/02/2024,28000.0,35500.0,0.0,90458.87017194422,0.0,47400.0,0.0,1186.06,0.0,0.0,24875887.01719442,24820351.833847992,0.0022374857422727415,0.011521896720822156,0.33139639791115116,2.095833073181186,-0.09882163359855001,0.4360441410147753
02/02/2024,27900.0,34150.0,0.0,91353.51833847992,0.0,47400.0,0.0,1172.55,0.0,0.0,24820351.833847992,24555470.763480533,0.010787049163862764,-0.0004006751803038444,0.3284240679993109,2.095833073181186,-0.09882163359855001,0.4360441410147753
01/02/2024,27850.0,34150.0,0.0,91154.70763480532,0.0,46200.0,0.0,1173.02,0.0,0.0,24555470.763480533,24325589.693113074,0.00945017462135941,0.007480825553332071,0.31424721863838867,2.095833073181186,-0.09882163359855001,0.4360441410147753
31/01/2024,27750.0,34550.0,0.0,90955.89693113072,0.0,45000.0,0.0,1164.31,0.0,0.0,24325589.693113074,24485649.157929342,-0.0065368683421013355,-0.013003857076251513,0.30194362404400743,2.095833073181186,-0.09882163359855001,0.4360441410147753
30/01/2024,28000.0,35200.0,0.0,90856.49157929342,0.0,45400.0,0.0,1179.65,0.0,0.0,24485649.157929342,24320708.62274561,0.006781896767163811,0.0033682348238055493,0.3105102570553515,2.095833073181186,-0.09882163359855001,0.4360441410147753
29/01/2024,28000.0,35250.0,0.0,90757.08622745612,0.0,44600.0,0.0,1175.69,0.0,0.0,24320708.62274561,24251778.98943847,0.002842250596839054,1.701157637779005e-05,0.3016823815202454,2.095833073181186,-0.09882163359855001,0.4360441410147753
26/01/2024,28350.0,35400.0,0.0,88967.7898943847,0.0,44900.0,0.0,1175.67,0.0,0.0,24251778.98943847,24261778.98943847,-0.0004121709296071469,0.004528482445722348,0.2979931596874308,2.095833073181186,-0.09882163359855001,0.4360441410147753
25/01/2024,28250.0,35000.0,0.0,88967.7898943847,0.0,45200.0,0.0,1170.37,0.0,0.0,24261778.98943847,24116838.45425474,0.006009931005619054,-0.002216595479850425,0.29852837533501386,2.095833073181186,-0.09882163359855001,0.4360441410147753
24/01/2024,28250.0,35250.0,0.0,88868.3845425474,0.0,44400.0,0.0,1172.97,0.0,0.0,24116838.45425474,24386600.594989657,-0.011061900148163427,-0.0038471337579617515,0.2907709310950739,2.095833073181186,-0.09882163359855001,0.4360441410147753
23/01/2024,28350.0,35450.0,0.0,89266.0059498966,0.0,45400.0,0.0,1177.5,0.0,0.0,24386600.594989657,24272849.356131326,0.004686357056370781,-0.004531390020796944,0.30520902297975794,2.095833073181186,-0.09882163359855001,0.4360441410147753
22/01/2024,28300.0,34950.0,0.0,87178.49356131327,0.0,46150.0,0.0,1182.86,0.0,0.0,24272849.356131326,24252552.032049976,0.0008369149792783461,0.001151079136690658,0.29912087868286386,2.095833073181186,-0.09882163359855001,0.4360441410147753
19/01/2024,27800.0,34950.0,0.0,87675.52032049978,0.0,46050.0,0.0,1181.5,0.0,0.0,24252552.032049976,24222076.31351982,0.001258179444887033,0.01064102783432852,0.2980345341376234,2.095833073181186,-0.09882163359855001,0.4360441410147753
18/01/2024,27650.0,34400.0,0.0,88470.7631351982,0.0,45850.0,0.0,1169.06,0.0,0.0,24222076.31351982,23957314.1727849,0.011051411640946272,0.005617059344705133,0.2964034259947559,2.095833073181186,-0.09882163359855001,0.4360441410147753
17/01/2024,27650.0,34050.0,0.0,88073.14172784898,0.0,44900.0,0.0,1162.53,0.0,0.0,23957314.1727849,23643622.398742836,0.013267500586489737,-0.0005072563450030376,0.28223294193386317,2.095833073181186,-0.09882163359855001,0.4360441410147753
16/01/2024,27800.0,34150.0,0.0,85886.22398742836,0.0,44300.0,0.0,1163.12,0.0,0.0,23643622.398742836,23119752.23025196,0.02265898714110771,0.007798149239247154,0.265443667335322,2.095833073181186,-0.09882163359855001,0.4360441410147753
15/01/2024,27100.0,34300.0,0.0,83997.52230251963,0.0,42900.0,0.0,1154.12,0.0,0.0,23119752.23025196,23009454.906170614,0.004793565277018672,-0.0005022949683901601,0.23740531618749117,2.095833073181186,-0.09882163359855001,0.4360441410147753
12/01/2024,27150.0,34650.0,0.0,84494.54906170614,0.0,41900.0,0.0,1154.7,0.0,0.0,23009454.906170614,23223741.328375377,-0.009227041378683543,-0.006470375660374117,0.23150203081400322,2.095833073181186,-0.09882163359855001,0.4360441410147753
11/01/2024,27500.0,34150.0,0.0,85687.41328375376,0.0,42450.0,0.0,1162.22,0.0,0.0,23223741.328375377,23263325.074661486,-0.001701551526235769,0.0005854296881726562,0.24297097543686186,2.095833073181186,-0.09882163359855001,0.4360441410147753
10/01/2024,27350.0,34400.0,0.0,86383.25074661487,0.0,42250.0,0.0,1161.54,0.0,0.0,23263325.074661486,23259157.582089264,0.0001791764193313298,0.0025461983963266377,0.24508955947709032,2.095833073181186,-0.09882163359855001,0.4360441410147753
09/01/2024,27700.0,34500.0,0.0,84991.57582089264,0.0,42700.0,0.0,1158.59,0.0,0.0,23259157.582089264,23214871.1598845,0.0019076746926465834,-0.001379084460303992,0.24486650875350646,2.095833073181186,-0.09882163359855001,0.4360441410147753
08/01/2024,27850.0,34100.0,0.0,83798.71159884502,0.0,43200.0,0.0,1160.19,0.0,0.0,23214871.1598845,23160406.343230933,0.002351634761774664,0.004771884851214159,0.24249623013956056,2.095833073181186,-0.09882163359855001,0.4360441410147753
05/01/2024,27800.0,33200.0,0.0,82904.06343230931,0.0,43850.0,0.0,1154.68,0.0,0.0,23160406.343230933,23134692.765435692,0.0011114726292651834,0.0034413236929922153,0.23958118792798722,2.095833073181186,-0.09882163359855001,0.4360441410147753
04/01/2024,27750.0,33100.0,0.0,84096.92765435693,0.0,43200.0,0.0,1150.72,0.0,0.0,23134692.765435692,23228860.258007914,-0.004053900687605136,0.00572467378099395,0.23820495700885136,2.095833073181186,-0.09882163359855001,0.4360441410147753
03/01/2024,27800.0,32600.0,0.0,85488.60258007915,0.0,43200.0,0.0,1144.17,0.0,0.0,23228860.258007914,22993860.258007914,0.010220119517259315,0.01100095429965009,0.24324494856068313,2.095833073181186,-0.09882163359855001,0.4360441410147753
02/01/2024,27450.0,32100.0,0.0,85488.60258007915,0.0,42450.0,0.0,1131.72,0.0,0.0,22993860.258007914,23083860.258007914,-0.0038988279687223685,0.0015841689308186968,0.2306673808424804,2.095833073181186,-0.09882163359855001,0.4360441410147753
29/12/2023,27950.0,31800.0,0.0,85488.60258007915,0.0,42800.0,0.0,1129.93,0.0,0.0,23083860.258007914,22984573.83580315,0.0043196981990635775,0.0008857945133888823,0.23548432167072808,2.089542943163191,-0.19000746328674323,0.6215045341749614
28/12/2023,27950.0,31500.0,0.0,84295.73835803154,0.0,43050.0,0.0,1128.93,0.0,0.0,22984573.83580315,22909276.511721805,0.003286761327570498,0.006185438372890983,0.23017035699507504,2.089542943163191,-0.19000746328674323,0.6215045341749614
27/12/2023,27750.0,30850.0,0.0,84792.76511721805,0.0,42850.0,0.0,1121.99,0.0,0.0,22909276.511721805,22909098.117272995,7.787056823281049e-06,-0.00023167743372687344,0.22614032638812787,2.089542943163191,-0.19000746328674323,0.6215045341749614
26/12/2023,27800.0,30800.0,0.0,85090.98117272995,0.0,42700.0,0.0,1122.25,0.0,0.0,22909098.117272995,22769752.23025196,0.006119780558520948,0.004106794552905191,0.22613077843808327,2.089542943163191,-0.19000746328674323,0.6215045341749614
25/12/2023,27450.0,30950.0,0.0,83997.52230251963,0.0,42650.0,0.0,1117.66,0.0,0.0,22769752.23025196,22565168.48396585,0.009066351373865448,0.013235907384911094,0.21867276852208306,2.089542943163191,-0.19000746328674323,0.6215045341749614
22/12/2023,27050.0,30600.0,0.0,83301.68483965853,0.0,42350.0,0.0,1103.06,0.0,0.0,22565168.48396585,22655109.019149583,-0.003969989069913892,0.0005714648549113299,0.20772312629673362,2.089542943163191,-0.19000746328674323,0.6215045341749614
21/12/2023,27200.0,30650.0,0.0,83401.09019149582,0.0,42650.0,0.0,1102.43,0.0,0.0,22655109.019149583,22217249.7525353,0.01970807689931642,0.001517133616773858,0.21253688447496666,2.089542943163191,-0.19000746328674323,0.6215045341749614
20/12/2023,27200.0,30350.0,0.0,79822.49752535297,0.0,42400.0,0.0,1100.76,0.0,0.0,22217249.7525353,21802784.935881726,0.019009719073615705,0.004068229499224696,0.18910197138184448,2.089542943163191,-0.19000746328674323,0.6215045341749614
19/12/2023,27200.0,30600.0,0.0,78927.84935881727,0.0,40650.0,0.0,1096.3,0.0,0.0,21802784.935881726,21487725.471065458,0.014662299424874702,0.0040480638898046095,0.1669191658572795,2.089542943163191,-0.19000746328674323,0.6215045341749614
18/12/2023,26600.0,30050.0,0.0,79027.25471065457,0.0,39600.0,0.0,1091.88,0.0,0.0,21487725.471065458,21762903.865514267,-0.012644378532814271,-0.009452961988569264,0.15005669030839752,2.089542943163191,-0.19000746328674323,0.6215045341749614
15/12/2023,26800.0,30600.0,0.0,78729.03865514266,0.0,40750.0,0.0,1102.3,0.0,0.0,21762903.865514267,21992666.006249186,-0.01044721638884671,-0.007053228000324374,0.16478466856697693,2.089542943163191,-0.19000746328674323,0.6215045341749614
14/12/2023,27050.0,30550.0,0.0,79126.66006249186,0.0,41600.0,0.0,1110.13,0.0,0.0,21992666.006249186,22117190.287719026,-0.005630203468429936,-0.0036528450906478938,0.17708189786132866,2.089542943163191,-0.19000746328674323,0.6215045341749614
13/12/2023,27350.0,30500.0,0.0,79921.90287719028,0.0,41700.0,0.0,1114.2,0.0,0.0,22117190.287719026,22382249.7525353,-0.01184239599445307,-0.011909934996408467,0.18374663225599863,2.089542943163191,-0.19000746328674323,0.6215045341749614
12/12/2023,27950.0,31050.0,0.0,79822.49752535297,0.0,42500.0,0.0,1127.63,0.0,0.0,22382249.7525353,22287428.146984108,0.004254488446394465,0.0018924922256775556,0.19793302956696546,2.089542943163191,-0.19000746328674323,0.6215045341749614
11/12/2023,27500.0,30850.0,0.0,79524.28146984107,0.0,42500.0,0.0,1125.5,0.0,0.0,22287428.146984108,22198260.654411886,0.004016868436694383,0.0009426914730887859,0.1928580288649706,2.089542943163191,-0.19000746328674323,0.6215045341749614
08/12/2023,27700.0,30950.0,0.0,78132.60654411885,0.0,42600.0,0.0,1124.44,0.0,0.0,22198260.654411886,21818320.119228154,0.017413830813165842,0.00263042916120515,0.18808564513693038,2.089542943163191,-0.19000746328674323,0.6215045341749614
07/12/2023,27600.0,30850.0,0.0,78033.20119228156,0.0,40850.0,0.0,1121.49,0.0,0.0,21818320.119228154,21952368.682167836,-0.006106337082821059,-0.004385536606802076,0.16775063317878747,2.089542943163191,-0.19000746328674323,0.6215045341749614
06/12/2023,27600.0,30400.0,0.0,79623.68682167838,0.0,40950.0,0.0,1126.43,0.0,0.0,21952368.682167836,21682428.146984108,0.012449737333559424,0.00937301181931427,0.1749251220209218,2.089542943163191,-0.19000746328674323,0.6215045341749614
05/12/2023,27250.0,30050.0,0.0,79524.28146984107,0.0,40000.0,0.0,1115.97,0.0,0.0,21682428.146984108,21762130.822902758,-0.0036624481567204678,-0.004033949432837414,0.16047748218619318,2.089542943163191,-0.19000746328674323,0.6215045341749614
04/12/2023,27500.0,30200.0,0.0,80021.30822902758,0.0,39950.0,0.0,1120.49,0.0,0.0,21762130.822902758,21397249.7525353,0.0170527088568579,0.016630979168178683,0.16474329411678368,2.089542943163191,-0.19000746328674323,0.6215045341749614
01/12/2023,26900.0,29750.0,0.0,79822.49752535297,0.0,38750.0,0.0,1102.16,0.0,0.0,21397249.7525353,21307130.822902758,0.004229519703125544,0.007339164450293811,0.14521428828003047,2.089542943163191,-0.19000746328674323,0.6215045341749614
30/11/2023,26550.0,29500.0,0.0,80021.30822902758,0.0,38500.0,0.0,1094.13,0.0,0.0,21307130.822902758,21392487.611800376,-0.003990035681990286,-0.007861806311207697,0.14039098215175305,2.089542943163191,-0.19000746328674323,0.6215045341749614
29/11/2023,27000.0,29900.0,0.0,79424.87611800377,0.0,38800.0,0.0,1102.8,0.0,0.0,21392487.611800376,21127963.330330536,0.01252010320796511,0.006727951580657754,0.1449594110562984,2.089542943163191,-0.19000746328674323,0.6215045341749614
28/11/2023,26700.0,29950.0,0.0,78629.63330330537,0.0,38000.0,0.0,1095.43,0.0,0.0,21127963.330330536,21062725.471065458,0.0030973132776523724,0.006773523518923685,0.13080165759546514,2.089542943163191,-0.19000746328674323,0.6215045341749614
27/11/2023,26300.0,29300.0,0.0,79027.25471065457,0.0,38000.0,0.0,1088.06,0.0,0.0,21062725.471065458,21347190.287719026,-0.013325632686059862,-0.00689113827000476,0.1273100252861159,2.089542943163191,-0.19000746328674323,0.6215045341749614
24/11/2023,26400.0,30050.0,0.0,79921.90287719028,0.0,38550.0,0.0,1095.61,0.0,0.0,21347190.287719026,21116952.42845395,0.010902987069045286,0.006541171714944394,0.14253502739210044,2.089542943163191,-0.19000746328674323,0.6215045341749614
23/11/2023,25850.0,30400.0,0.0,80319.52428453948,0.0,37300.0,0.0,1088.49,0.0,0.0,21116952.42845395,21846714.56918887,-0.033403747663006925,-0.022741556086261605,0.13021233689763,2.089542943163191,-0.19000746328674323,0.6215045341749614
22/11/2023,27200.0,30950.0,0.0,80717.14569188868,0.0,39800.0,0.0,1113.82,0.0,0.0,21846714.56918887,22026774.03400514,-0.0081745726604491,0.0030257731030383095,0.16927034857113643,2.089542943163191,-0.19000746328674323,0.6215045341749614
21/11/2023,27050.0,30800.0,0.0,80617.74034005139,0.0,40900.0,0.0,1110.46,0.0,0.0,22026774.03400514,21728022.795146804,0.013749582356157327,0.00616131779714757,0.1789074128776469,2.089542943163191,-0.19000746328674323,0.6215045341749614
20/11/2023,26650.0,31000.0,0.0,78530.22795146806,0.0,40550.0,0.0,1103.66,0.0,0.0,21728022.795146804,21888082.259963077,-0.007312630815037071,0.0022430279969851696,0.16291777910046545,2.089542943163191,-0.19000746328674323,0.6215045341749614
17/11/2023,26500.0,31150.0,0.0,78430.82259963076,0.0,41400.0,0.0,1101.19,0.0,0.0,21888082.259963077,21943617.443309505,-0.0025308125923130496,-0.021625367604595103,0.17148441211180998,2.089542943163191,-0.19000746328674323,0.6215045341749614
16/11/2023,27200.0,31700.0,0.0,77536.17443309505,0.0,41500.0,0.0,1125.53,0.0,0.0,21943617.443309505,22018439.048860695,-0.0033981339633184482,0.002699331848552422,0.17445674202365047,2.089542943163191,-0.19000746328674323,0.6215045341749614
15/11/2023,27000.0,31550.0,0.0,77834.39048860695,0.0,41900.0,0.0,1122.5,0.0,0.0,22018439.048860695,21913557.978493236,0.004786126948001475,0.01150730357834795,0.17846131143047916,2.089542943163191,-0.19000746328674323,0.6215045341749614
14/11/2023,27000.0,31500.0,0.0,77635.57978493234,0.0,41500.0,0.0,1109.73,0.0,0.0,21913557.978493236,21374747.274818633,0.025207816342669487,0.008781259374403438,0.1728479124308866,2.089542943163191,-0.19000746328674323,0.6215045341749614
13/11/2023,27200.0,30900.0,0.0,75647.47274818632,0.0,40000.0,0.0,1100.07,0.0,0.0,21374747.274818633,21189806.7396349,0.008727806603247859,-0.00146140440055198,0.14400992046169625,2.089542943163191,-0.19000746328674323,0.6215045341749614
10/11/2023,26500.0,31050.0,0.0,75548.06739634901,0.0,39400.0,0.0,1101.68,0.0,0.0,21189806.7396349,21484509.41555355,-0.01371698418700229,-0.010961585075725644,0.13411161363142377,2.089542943163191,-0.19000746328674323,0.6215045341749614
09/11/2023,26700.0,31500.0,0.0,76045.09415553552,0.0,40300.0,0.0,1113.89,0.0,0.0,21484509.41555355,21449212.091472205,0.0016456233418186924,0.0004131377814502457,0.14988456198505085,2.089542943163191,-0.19000746328674323,0.6215045341749614
08/11/2023,26950.0,31800.0,0.0,76542.12091472204,0.0,39600.0,0.0,1113.43,0.0,0.0,21449212.091472205,20824866.204451174,0.029980787434186806,0.03067694785659425,0.14799539396843597,2.089542943163191,-0.19000746328674323,0.6215045341749614
07/11/2023,25800.0,30600.0,0.0,75448.66204451172,0.0,38200.0,0.0,1080.29,0.0,0.0,20824866.204451174,20899449.950737283,-0.003568694222188271,-0.008599012536020467,0.11457942514465591,2.089542943163191,-0.19000746328674323,0.6215045341749614
06/11/2023,25750.0,31000.0,0.0,76144.49950737282,0.0,38050.0,0.0,1089.66,0.0,0.0,20899449.950737283,20736114.96559284,0.007876836399463611,0.011961589182562848,0.11857126395142514,2.089542943163191,-0.19000746328674323,0.6215045341749614
03/11/2023,25100.0,31000.0,0.0,73361.14965592838,0.0,38950.0,0.0,1076.78,0.0,0.0,20736114.96559284,20196114.96559284,0.026737815709604165,0.0012180720987102767,0.1098293199667193,2.089542943163191,-0.19000746328674323,0.6215045341749614
02/11/2023,25250.0,29350.0,0.0,73361.14965592838,0.0,37000.0,0.0,1075.47,0.0,0.0,20196114.96559284,19392185.3322857,0.041456371189310594,0.03444395283073298,0.08092767499723252,2.089542943163191,-0.19000746328674323,0.6215045341749614
01/11/2023,23950.0,28200.0,0.0,71571.85332285697,0.0,35100.0,0.0,1039.66,0.0,0.0,19392185.3322857,19767185.3322857,-0.018970834425653577,0.01115552572968026,0.03790010306706071,2.089542943163191,-0.19000746328674323,0.6215045341749614
31/10/2023,23000.0,27700.0,0.0,71571.85332285697,0.0,37700.0,0.0,1028.19,0.0,3801300.0,19767185.3322857,16406650.148939267,-0.021811456055907997,-0.013632003069838916,0.05797068985142673,2.089542943163191,-0.19000746328674323,0.6215045341749614
30/10/2023,23000.0,28100.0,0.0,72466.50148939267,0.0,40500.0,0.0,1042.4,0.0,0.0,16406650.148939267,16806233.89522538,-0.0237759243847983,-0.01717863136655895,0.0815611125291349,2.089542943163191,-0.19000746328674323,0.6215045341749614
27/10/2023,23350.0,29550.0,0.0,73162.33895225379,0.0,42000.0,0.0,1060.62,0.0,0.0,16806233.89522538,16815996.035960298,-0.0005805270597140062,0.004898384575299453,0.1079025190477414,2.089542943163191,-0.19000746328674323,0.6215045341749614
26/10/2023,22800.0,29800.0,0.0,73559.96035960299,0.0,42000.0,0.0,1055.45,0.0,0.0,16815996.035960298,17260817.64151149,-0.025770598750861882,-0.04194579089737305,0.10854606003252965,2.089542943163191,-0.19000746328674323,0.6215045341749614
25/10/2023,24050.0,31200.0,0.0,73858.1764151149,0.0,43500.0,0.0,1101.66,0.0,0.0,17260817.64151149,17270520.31743014,-0.000561805651498382,-0.003833981372637685,0.13786964200749163,2.089542943163191,-0.19000746328674323,0.6215045341749614
24/10/2023,24000.0,31350.0,0.0,74355.20317430141,0.0,43000.0,0.0,1105.9,0.0,0.0,17270520.31743014,17175817.64151149,0.005513721552898134,0.01131198961162494,0.13850926294569788,2.089542943163191,-0.19000746328674323,0.6215045341749614
23/10/2023,24000.0,30900.0,0.0,73858.1764151149,0.0,43000.0,0.0,1093.53,0.0,4301300.0,17175817.64151149,13040163.528532522,-0.009552013112877598,-0.013086288277393221,0.13226626205299685,2.089542943163191,-0.19000746328674323,0.6215045341749614
20/10/2023,24350.0,31100.0,0.0,74951.63528532522,0.0,44700.0,0.0,1108.03,80000.0,0.0,13040163.528532522,12900341.92284953,0.017039982893293382,0.018550351610975735,0.14318598961626927,2.089542943163191,-0.19000746328674323,0.6215045341749614
19/10/2023,23700.0,30650.0,0.0,74653.4192284953,0.0,43000.0,0.0,1087.85,0.0,0.0,12900341.92284953,13098535.284050249,-0.015130956011704087,-0.014092804060177766,0.1240324951277858,2.089542943163191,-0.19000746328674323,0.6215045341749614
18/10/2023,24000.0,31250.0,0.0,75735.35284050248,0.0,44700.0,0.0,1103.4,0.0,0.0,13098535.284050249,13435086.246342529,-0.025050152721118577,-0.016270672669727593,0.14130147758115918,2.089542943163191,-0.19000746328674323,0.6215045341749614
17/10/2023,24800.0,31750.0,0.0,77800.86246342528,0.0,46300.0,0.0,1121.65,0.0,0.0,13435086.246342529,13538772.327215778,-0.0076584551661909766,-0.017320530567188186,0.17062583348935423,2.089542943163191,-0.19000746328674323,0.6215045341749614
16/10/2023,25000.0,31800.0,0.0,78587.72327215777,0.0,48600.0,0.0,1141.42,0.0,0.0,13538772.327215778,13643936.567106621,-0.007707763765508704,-0.011526504031245333,0.17966020830600526,2.089542943163191,-0.19000746328674323,0.6215045341749614
13/10/2023,25750.0,32200.0,0.0,78489.36567106622,0.0,49500.0,0.0,1154.73,0.0,0.0,13643936.567106621,13698608.087324932,-0.00399102739999529,0.0027092505275223555,0.1888233780630293,2.089542943163191,-0.19000746328674323,0.6215045341749614
12/10/2023,25800.0,32500.0,0.0,78686.08087324933,0.0,48400.0,0.0,1151.61,0.0,0.0,13698608.087324932,13778115.367652401,-0.005770548308379859,0.0006951625376907522,0.19358701655036037,2.089542943163191,-0.19000746328674323,0.6215045341749614
11/10/2023,26200.0,32600.0,0.0,78981.15367652402,0.0,49300.0,0.0,1150.81,0.0,0.0,13778115.367652401,13669429.286779154,0.00795103281878539,0.006225463193697545,0.20051464430021215,2.089542943163191,-0.19000746328674323,0.6215045341749614
10/10/2023,26000.0,32500.0,0.0,78194.29286779153,0.0,48850.0,0.0,1143.69,0.0,0.0,13669429.286779154,13628608.087324932,0.0029952581505507505,0.005565520151930903,0.19104460952127122,2.089542943163191,-0.19000746328674323,0.6215045341749614
09/10/2023,25500.0,32100.0,0.0,78686.08087324933,0.0,47950.0,0.0,1137.36,0.0,0.0,13628608.087324932,13371892.885141809,0.01919811984647088,0.00781540751767773,0.1874877770782981,2.089542943163191,-0.19000746328674323,0.6215045341749614
06/10/2023,24950.0,32050.0,0.0,76718.9288514181,0.0,48300.0,0.0,1128.54,0.0,0.0,13371892.885141809,13322221.3649235,0.003728471315533815,0.013152106581439726,0.1651196700178157,2.089542943163191,-0.19000746328674323,0.6215045341749614
05/10/2023,24900.0,31800.0,0.0,76522.21364923498,0.0,47000.0,0.0,1113.89,0.0,0.0,13322221.3649235,13382549.844705185,-0.004507995896279393,-0.013095058786004699,0.16079169149277472,2.089542943163191,-0.19000746328674323,0.6215045341749614
04/10/2023,25250.0,32250.0,0.0,76325.49844705185,0.0,49200.0,0.0,1128.67,0.0,3226000.0,13382549.844705185,10102714.08459603,0.004039081322283925,0.0094535372506932,0.16604823213811715,2.089542943163191,-0.19000746328674323,0.6215045341749614
03/10/2023,24800.0,32500.0,0.0,76227.1408459603,0.0,49000.0,0.0,1118.1,0.0,0.0,10102714.08459603,10380414.726124216,-0.026752364799963232,-0.032157541657649946,0.16135741509431378,2.089542943163191,-0.19000746328674323,0.6215045341749614
02/10/2023,26200.0,33150.0,0.0,77604.14726124216,0.0,51900.0,0.0,1155.25,0.0,0.0,10380414.726124216,10380578.96601506,-1.5821843018711597e-05,0.0009530823549797063,0.19328049007343728,2.089542943163191,-0.19000746328674323,0.6215045341749614
29/09/2023,26300.0,33650.0,0.0,77505.78966015059,0.0,52600.0,0.0,1154.15,0.0,0.0,10380578.96601506,10381071.68568759,-4.746327618661986e-05,0.0014924984597763924,0.193299370268748,2.089542943163191,-0.19000746328674323,0.6215045341749614
28/09/2023,26600.0,33650.0,0.0,77210.71685687591,0.0,53000.0,0.0,1152.43,0.0,0.0,10381071.68568759,10430086.246342529,-0.004699343753952747,-0.0012306625644580294,0.19335601085468013,2.089542943163191,-0.19000746328674323,0.6215045341749614
27/09/2023,26500.0,32600.0,0.0,77800.86246342528,0.0,52000.0,0.0,1153.85,0.0,0.0,10430086.246342529,10341071.68568759,0.008607866124565941,0.01396358395725672,0.19899047927450764,2.089542943163191,-0.19000746328674323,0.6215045341749614
26/09/2023,26200.0,32400.0,0.0,77210.71685687591,0.0,51500.0,0.0,1137.96,0.0,0.0,10341071.68568759,10448936.567106621,-0.010323048735752774,-0.013215400624349671,0.18875781118132684,2.089542943163191,-0.19000746328674323,0.6215045341749614
25/09/2023,26000.0,32800.0,0.0,78489.36567106622,0.0,51000.0,0.0,1153.2,0.0,0.0,10448936.567106621,10696965.688416496,-0.023186867055062142,-0.033401785340094636,0.2011574177440092,2.089542943163191,-0.19000746328674323,0.6215045341749614
22/09/2023,27300.0,34000.0,0.0,79669.65688416496,0.0,52100.0,0.0,1193.05,0.0,0.0,10696965.688416496,10964337.850162994,-0.0243856186666597,-0.016235961541633093,0.22966960335873932,2.089542943163191,-0.19000746328674323,0.6215045341749614
21/09/2023,28400.0,34300.0,0.0,81243.37850162994,0.0,54200.0,0.0,1212.74,0.0,0.0,10964337.850162994,10974173.61027215,-0.0008962643073142025,-0.010904404988133165,0.2604053680289029,2.089542943163191,-0.19000746328674323,0.6215045341749614
20/09/2023,28400.0,34350.0,0.0,81341.7361027215,0.0,55800.0,0.0,1226.11,0.0,0.0,10974173.61027215,10801637.208634807,0.015973171316975766,0.012059430458109643,0.26153603775193046,2.089542943163191,-0.19000746328674323,0.6215045341749614
19/09/2023,28150.0,33900.0,0.0,79866.37208634807,0.0,55500.0,0.0,1211.5,0.0,0.0,10801637.208634807,10776144.488962276,0.0023656623849691713,-0.00025581568067600813,0.24170211711067036,2.089542943163191,-0.19000746328674323,0.6215045341749614
18/09/2023,27600.0,34100.0,0.0,80161.44488962275,0.0,55000.0,0.0,1211.81,0.0,0.0,10776144.488962276,10766308.72885312,0.0009135684622155661,-0.012669469430321989,0.2387716017288921,2.089542943163191,-0.19000746328674323,0.6215045341749614
15/09/2023,27600.0,34900.0,0.0,80063.0872885312,0.0,55900.0,0.0,1227.36,0.0,0.0,10766308.72885312,10766637.208634807,-3.0509041525409622e-05,0.002900777081409567,0.23764093200586456,2.089542943163191,-0.19000746328674323,0.6215045341749614
14/09/2023,27800.0,34900.0,0.0,79866.37208634807,0.0,57300.0,0.0,1223.81,0.0,0.0,10766637.208634807,11033188.170927085,-0.024159015341970798,-0.011773350883001465,0.23767869239648598,2.089542943163191,-0.19000746328674323,0.6215045341749614
13/09/2023,28400.0,35000.0,0.0,81931.88170927086,0.0,57500.0,0.0,1238.39,0.0,0.0,11033188.170927085,11097695.451254556,-0.005812673506027655,-0.005660650051387384,0.268320056090096,2.089542943163191,-0.19000746328674323,0.6215045341749614
12/09/2023,28750.0,35300.0,0.0,82226.95451254556,0.0,55800.0,0.0,1245.44,0.0,0.0,11097695.451254556,11022695.451254556,0.006804143354197799,0.017824015429500628,0.2757354899733635,2.089542943163191,-0.19000746328674323,0.6215045341749614
11/09/2023,28000.0,34550.0,0.0,82226.95451254556,0.0,54500.0,0.0,1223.63,0.0,0.0,11022695.451254556,11137038.49169118,-0.010266916157462289,-0.014378000451074402,0.2671138655858256,2.089542943163191,-0.19000746328674323,0.6215045341749614
08/09/2023,28750.0,35350.0,0.0,82620.3849169118,0.0,55500.0,0.0,1241.48,0.0,0.0,11137038.49169118,11146710.011909492,-0.0008676569326715584,-0.001335328281609538,0.2802581688654737,2.089542943163191,-0.19000746328674323,0.6215045341749614
07/09/2023,28650.0,35750.0,0.0,82817.10011909493,0.0,55000.0,0.0,1243.14,0.0,0.0,11146710.011909492,10876801.448525652,0.024815067615344404,-0.0018948213568846795,0.28136995839319057,2.089542943163191,-0.19000746328674323,0.6215045341749614
06/09/2023,29000.0,35200.0,0.0,79768.01448525651,0.0,55000.0,0.0,1245.5,0.0,0.0,10876801.448525652,10697786.887870714,0.016733793870759118,0.008518356572576158,0.25034262169351873,2.089542943163191,-0.19000746328674323,0.6215045341749614
05/09/2023,27800.0,35000.0,0.0,79177.86887870714,0.0,54300.0,0.0,1234.98,0.0,0.0,10697786.887870714,10677786.887870714,0.0018730473093369869,0.008929373800089957,0.22976400433529265,2.089542943163191,-0.19000746328674323,0.6215045341749614
31/08/2023,27600.0,34500.0,0.0,79177.86887870714,0.0,53800.0,0.0,1224.05,0.0,0.0,10677786.887870714,10657458.408089027,0.00190744162475529,0.008976557090573323,0.22746490449861612,2.089542943163191,-0.19000746328674323,0.6215045341749614
30/08/2023,27200.0,34000.0,0.0,79374.58408089027,0.0,53800.0,0.0,1213.16,0.0,0.0,10657458.408089027,10607951.127761558,0.004666997399517235,0.007248241906960162,0.22512804427131794,2.089542943163191,-0.19000746328674323,0.6215045341749614
29/08/2023,27000.0,33900.0,0.0,79079.51127761559,0.0,52900.0,0.0,1204.43,0.0,0.0,10607951.127761558,10504429.286779154,0.009855065720961719,0.002255101021868766,0.2194369352655583,2.089542943163191,-0.19000746328674323,0.6215045341749614
28/08/2023,26850.0,34000.0,0.0,78194.29286779153,0.0,51700.0,0.0,1201.72,0.0,0.0,10504429.286779154,10296400.165469278,0.020204063358720006,0.01550656176850862,0.20753658288080246,2.089542943163191,-0.19000746328674323,0.6215045341749614
25/08/2023,25950.0,33650.0,0.0,77014.00165469278,0.0,50500.0,0.0,1183.37,0.0,0.0,10296400.165469278,10301892.885141809,-0.0005331757701007469,-0.0050614180378179,0.18362259693942562,2.089542943163191,-0.19000746328674323,0.6215045341749614
24/08/2023,26300.0,33800.0,0.0,76718.9288514181,0.0,50300.0,0.0,1189.39,0.0,0.0,10301892.885141809,10187714.08459603,0.011207499503585216,0.014353210070273681,0.18425401248452689,2.089542943163191,-0.19000746328674323,0.6215045341749614
23/08/2023,25650.0,33200.0,0.0,76227.1408459603,0.0,49700.0,0.0,1172.56,0.0,0.0,10187714.08459603,10336071.68568759,-0.014353383529352982,-0.00671754949216008,0.17112858940018993,2.089542943163191,-0.19000746328674323,0.6215045341749614
22/08/2023,26150.0,33100.0,0.0,77210.71685687591,0.0,50000.0,0.0,1180.49,0.0,0.0,10336071.68568759,10390250.486233372,-0.00521438829771875,0.0006187699193056506,0.1881830362221577,2.089542943163191,-0.19000746328674323,0.6215045341749614
21/08/2023,26200.0,32750.0,0.0,77702.50486233372,0.0,49000.0,0.0,1179.76,0.0,0.0,10390250.486233372,10371071.68568759,0.0018492592787926832,0.0015025594444775248,0.19441115979646506,2.089542943163191,-0.19000746328674323,0.6215045341749614
18/08/2023,26500.0,32500.0,0.0,77210.71685687591,0.0,50200.0,0.0,1177.99,0.0,0.0,10371071.68568759,10698279.607543245,-0.030585097217401543,-0.04498654214093456,0.19220646093634208,2.089542943163191,-0.19000746328674323,0.6215045341749614
17/08/2023,28100.0,34700.0,0.0,78882.79607543246,0.0,53900.0,0.0,1233.48,0.0,0.0,10698279.607543245,10683279.607543245,0.001404063223189329,-0.007866415713527308,0.22982064492122523,2.089542943163191,-0.19000746328674323,0.6215045341749614
16/08/2023,27950.0,35300.0,0.0,78882.79607543246,0.0,53800.0,0.0,1243.26,0.0,0.0,10683279.607543245,10565250.486233372,0.011171445623903176,0.007463230825331291,0.2280963200437176,2.089542943163191,-0.19000746328674323,0.6215045341749614
15/08/2023,27950.0,34050.0,0.0,77702.50486233372,0.0,54000.0,0.0,1234.05,0.0,0.0,10565250.486233372,10624593.526669996,-0.005585441013593596,-0.0022557485204229843,0.2145282833673865,2.089542943163191,-0.19000746328674323,0.6215045341749614
14/08/2023,28150.0,33800.0,0.0,78095.93526669996,0.0,54200.0,0.0,1236.84,0.0,0.0,10624593.526669996,10579593.526669996,0.0042534715427922564,0.0037574764041843345,0.22135006209617347,2.089542943163191,-0.19000746328674323,0.6215045341749614
11/08/2023,27700.0,33650.0,0.0,78095.93526669996,0.0,53300.0,0.0,1232.21,0.0,0.0,10579593.526669996,10505250.486233372,0.007076750862251843,0.009503444998812283,0.21617708746365083,2.089542943163191,-0.19000746328674323,0.6215045341749614
10/08/2023,27350.0,33500.0,0.0,77702.50486233372,0.0,52000.0,0.0,1220.61,0.0,0.0,10505250.486233372,10678115.367652401,-0.016188707039324082,-0.010842875550045039,0.20763098385735623,2.089542943163191,-0.19000746328674323,0.6215045341749614
09/08/2023,27800.0,34000.0,0.0,78981.15367652402,0.0,52600.0,0.0,1233.99,0.0,0.0,10678115.367652401,10726308.72885312,-0.004493005228451144,-0.006633232171176062,0.22750266488923776,2.089542943163191,-0.19000746328674323,0.6215045341749614
08/08/2023,27200.0,34000.0,0.0,80063.0872885312,0.0,53600.0,0.0,1242.23,0.0,0.0,10726308.72885312,10839994.809726369,-0.01048765085858181,0.0006524786132009464,0.2330427323325115,2.089542943163191,-0.19000746328674323,0.6215045341749614
07/08/2023,27550.0,34350.0,0.0,80849.9480972637,0.0,53800.0,0.0,1241.42,0.0,0.0,10839994.809726369,10682294.168198183,0.01476280647631569,0.012594006427511184,0.24611151483091676,2.089542943163191,-0.19000746328674323,0.6215045341749614
04/08/2023,27350.0,33600.0,0.0,79472.94168198183,0.0,53000.0,0.0,1225.98,0.0,0.0,10682294.168198183,10681472.968743965,7.6880731395486e-05,0.012411742846525353,0.22798303887185356,2.089542943163191,-0.19000746328674323,0.6215045341749614
03/08/2023,26850.0,33500.0,0.0,79964.72968743964,0.0,52700.0,0.0,1210.95,0.0,0.0,10681472.968743965,10766144.488962276,-0.007864609313493634,-0.0077677539883483915,0.22788863789529978,2.089542943163191,-0.19000746328674323,0.6215045341749614
02/08/2023,27500.0,33900.0,0.0,80161.44488962275,0.0,51700.0,0.0,1220.43,0.0,0.0,10766144.488962276,10716965.688416496,0.004588873565111366,0.002357173363119802,0.2376220518105543,2.089542943163191,-0.19000746328674323,0.6215045341749614
01/08/2023,27500.0,34000.0,0.0,79669.65688416496,0.0,51700.0,0.0,1217.56,0.0,0.0,10716965.688416496,10983680.890599618,-0.024282861532456755,-0.004366669392427913,0.2319687031954163,2.089542943163191,-0.19000746328674323,0.6215045341749614
31/07/2023,28200.0,34300.0,0.0,81636.80890599618,0.0,53700.0,0.0,1222.9,0.0,0.0,10983680.890599618,10954337.850162994,0.0026786685638134676,0.012611060968642063,0.2626289470843368,2.089542943163191,-0.19000746328674323,0.6215045341749614
28/07/2023,28300.0,33800.0,0.0,81243.37850162994,0.0,54500.0,0.0,1207.67,0.0,0.0,10954337.850162994,10797129.92830734,0.014560158384636571,0.008635881503010978,0.25925581811056486,2.089542943163191,-0.19000746328674323,0.6215045341749614
27/07/2023,28400.0,33100.0,0.0,79571.29928307339,0.0,54100.0,0.0,1197.33,0.0,0.0,10797129.92830734,10885651.769289743,-0.008131974351057107,-0.0029229539322473963,0.2411839827374338,2.089542943163191,-0.19000746328674323,0.6215045341749614
26/07/2023,28400.0,33450.0,0.0,80456.51769289744,0.0,52099.99999910856,0.0,1200.84,0.0,0.0,10885651.769289743,10742786.887870714,0.013298679654562688,0.004130780165565451,0.251360010244682,2.089542943163191,-0.19000746328674323,0.6215045341749614
25/07/2023,28250.0,33500.0,0.0,79177.86887870714,0.0,53090.49429566955,0.0,1195.9,0.0,0.0,10742786.887870714,10644757.766560841,0.009209145333284971,0.004350309056705193,0.23493697896781573,2.089542943163191,-0.19000746328674323,0.6215045341749614
24/07/2023,28450.0,32450.0,0.0,77997.5776656084,0.0,53981.93916257445,0.0,1190.72,0.0,0.0,10644757.766560841,10708608.087324932,-0.005962522882844714,0.0040644236444893345,0.22366804212816116,2.089542943163191,-0.19000746328674323,0.6215045341749614
21/07/2023,28400.0,32300.0,0.0,78686.08087324933,0.0,52000.95056945246,0.0,1185.9,0.0,0.0,10708608.087324932,10580414.726124216,0.012116099842872203,0.011161228161424397,0.2310079552301849,2.089542943163191,-0.19000746328674323,0.6215045341749614
20/07/2023,28200.0,31900.0,0.0,77604.14726124216,0.0,48633.26996114506,0.0,1172.81,0.0,0.0,10580414.726124216,10470907.445796747,0.010458241646613709,-0.0001449300073318449,0.2162714884402046,2.089542943163191,-0.19000746328674323,0.6215045341749614
19/07/2023,27400.0,32300.0,0.0,77309.07445796746,0.0,48038.97338320846,0.0,1172.98,0.0,0.0,10470907.445796747,10559100.806997465,-0.008352355263269473,-0.0009454130432929864,0.20368307992441492,2.089542943163191,-0.19000746328674323,0.6215045341749614
18/07/2023,27200.0,32300.0,0.0,78391.00806997465,0.0,47593.25094975601,0.0,1174.09,0.0,0.0,10559100.806997465,10628115.367652401,-0.006493584070886943,0.0008183236299470487,0.21382134704104194,2.089542943163191,-0.19000746328674323,0.6215045341749614
17/07/2023,27300.0,31900.0,0.0,78981.15367652402,0.0,48187.54752769261,0.0,1173.13,0.0,0.0,10628115.367652401,10471071.68568759,0.014997861410830229,0.004048271140020487,0.22175491529754598,2.089542943163191,-0.19000746328674323,0.6215045341749614
14/07/2023,27500.0,31950.0,0.0,77210.71685687591,0.0,48979.94296494141,0.0,1168.4,0.0,0.0,10471071.68568759,10376892.885141809,0.009075818897642482,0.0025570180707383816,0.20370196011972563,2.089542943163191,-0.19000746328674323,0.6215045341749614
13/07/2023,27050.0,31950.0,0.0,76718.9288514181,0.0,48880.89353528531,0.0,1165.42,0.0,0.0,10376892.885141809,9958790.960557252,0.0419832011978652,0.009721018887541177,0.19287563687206477,2.089542943163191,-0.19000746328674323,0.6215045341749614
12/07/2023,27000.0,31650.0,0.0,72587.90960557251,0.0,48682.79467597311,0.0,1154.2,0.0,0.0,9958790.960557252,10057641.281321345,-0.009828380034558763,0.002109796226677174,0.1448127335457361,2.089542943163191,-0.19000746328674323,0.6215045341749614
11/07/2023,27300.0,31950.0,0.0,73276.41281321345,0.0,48336.12167217676,0.0,1151.77,0.0,0.0,10057641.281321345,10018955.200448096,0.0038612889367465055,0.0023933438930567874,0.15617607136194445,2.089542943163191,-0.19000746328674323,0.6215045341749614
10/07/2023,27700.0,32000.0,0.0,72489.55200448095,0.0,47296.10266078771,0.0,1149.02,0.0,0.0,10018955.200448096,9807075.758374128,0.021604752251765398,0.00962155227710082,0.15172891325107707,2.089542943163191,-0.19000746328674323,0.6215045341749614
07/07/2023,27450.0,31550.0,0.0,70620.75758374127,0.0,45067.49049352546,0.0,1138.07,0.0,7242200.0,9807075.758374128,2700000.0,-0.013590980027144043,0.01052192289250753,0.1273723137177063,2.089542943163191,-0.19000746328674323,0.6215045341749614
06/07/2023,27000.0,31550.0,0.0,71407.61839247377,0.0,42789.35361143517,0.0,1126.22,0.0,0.0,2700000.0,2695000.0,0.0018552875695732839,-0.007403359715146829,0.1429055198103617,2.089542943163191,-0.19000746328674323,0.6215045341749614
05/07/2023,26950.0,31950.0,0.0,72489.55200448095,0.0,42937.92775591931,0.0,1134.62,0.0,0.0,2695000.0,2625000.0,0.02666666666666667,0.002314487632508744,0.14078902810700922,2.089542943163191,-0.19000746328674323,0.6215045341749614
04/07/2023,26250.0,32000.0,0.0,72784.62480775564,0.0,42838.87832626321,0.0,1132.0,0.0,0.0,2625000.0,2620000.0,0.0019083969465648854,0.005775211017325699,0.11115814426007398,2.089542943163191,-0.19000746328674323,0.6215045341749614
03/07/2023,26200.0,32000.0,0.0,72784.62480775564,0.0,42591.25475212296,0.0,1125.5,0.0,0.0,2620000.0,2615000.0,0.0019120458891013384,0.0047492367298112015,0.10904165255672127,2.089542943163191,-0.19000746328674323,0.6215045341749614
30/06/2023,26150.0,32350.0,0.0,73768.20081867125,0.0,42888.40304109127,0.0,1120.18,0.0,0.0,2615000.0,2580000.0,0.013565891472868217,-0.00462950621562308,0.10692516085336878,2.089542943163191,-0.19000746328674323,0.6215045341749614
29/06/2023,25800.0,32650.0,0.0,73768.20081867125,0.0,42294.10646315466,0.0,1125.39,0.0,0.0,2580000.0,2660000.0,-0.03007518796992481,-0.01138489919620489,0.09210971892990116,2.089542943163191,-0.19000746328674323,0.6215045341749614
28/06/2023,26600.0,33300.0,0.0,73571.48561648813,0.0,43482.69961902787,0.0,1138.35,0.0,0.0,2660000.0,2580000.0,0.031007751937984496,0.003543942239030873,0.1259735861835416,2.089542943163191,-0.19000746328674323,0.6215045341749614
27/06/2023,25800.0,32950.0,0.0,74259.98882412906,0.0,43779.84790799616,0.0,1134.33,0.0,0.0,2580000.0,2520000.0,0.023809523809523808,0.002031748275222345,0.09210971892990116,2.089542943163191,-0.19000746328674323,0.6215045341749614
26/06/2023,25200.0,33300.0,0.0,75145.20723395312,0.0,43928.42205248032,0.0,1132.03,0.0,0.0,2520000.0,2540000.0,-0.007874015748031496,0.002346420159733631,0.0667118184896709,2.089542943163191,-0.19000746328674323,0.6215045341749614
23/06/2023,25400.0,32900.0,0.0,74555.06162740375,0.0,42492.20532246686,0.0,1129.38,0.0,0.0,2540000.0,2485000.0,0.022132796780684104,0.003625699813383232,0.07517778530308106,2.089542943163191,-0.19000746328674323,0.6215045341749614
22/06/2023,24850.0,32600.0,0.0,73276.41281321345,0.0,42640.77946695101,0.0,1125.3,0.0,0.0,2485000.0,2460000.0,0.01016260162601626,0.0061155517407862625,0.05189637656620327,2.089542943163191,-0.19000746328674323,0.6215045341749614
21/06/2023,24600.0,32500.0,0.0,71604.3335946569,0.0,42294.10646315466,0.0,1118.46,0.0,0.0,2460000.0,2365000.0,0.040169133192389,0.006062677652646453,0.04131391804944062,2.089542943163191,-0.19000746328674323,0.6215045341749614
20/06/2023,23650.0,32150.0,0.0,71112.54558919909,0.0,42096.00760384247,0.0,1111.72,0.0,0.0,2365000.0,2335000.0,0.01284796573875803,0.005717387371087401,0.001100575685742733,2.089542943163191,-0.19000746328674323,0.6215045341749614
19/06/2023,23350.0,32100.0,0.0,71112.54558919909,0.0,41105.51330728146,0.0,1105.4,0.0,0.0,2335000.0,2345000.0,-0.0042643923240938165,-0.008805437492154011,-0.011598374534372513,2.089542943163191,-0.19000746328674323,0.6215045341749614
16/06/2023,23450.0,32550.0,0.0,71604.3335946569,0.0,40956.93916279732,0.0,1115.22,0.0,0.0,2345000.0,2315000.0,0.012958963282937365,-0.0015667385874285067,-0.007365391127667431,2.089542943163191,-0.19000746328674323,0.6215045341749614
15/06/2023,23150.0,32650.0,0.0,72096.1216001147,0.0,41303.61216659367,0.0,1116.97,0.0,0.0,2315000.0,2310000.0,0.0021645021645021645,-0.00040271339335262724,-0.020064341347782677,2.089542943163191,-0.19000746328674323,0.6215045341749614
14/06/2023,23100.0,32600.0,0.0,71604.3335946569,0.0,41650.28517039002,0.0,1117.42,0.0,0.0,2310000.0,2340000.0,-0.01282051282051282,-0.004490137733193178,-0.022180833051135274,2.089542943163191,-0.19000746328674323,0.6215045341749614
13/06/2023,23400.0,32800.0,0.0,72096.1216001147,0.0,42591.25475212296,0.0,1122.46,0.0,0.0,2340000.0,2295000.0,0.0196078431372549,0.005770505904912238,-0.009481882831020139,2.089542943163191,-0.19000746328674323,0.6215045341749614
12/06/2023,22950.0,32700.0,0.0,71309.26079138221,0.0,42591.25475212296,0.0,1116.02,0.0,0.0,2295000.0,2290000.0,0.002183406113537118,0.0076657065722824935,-0.02853030816119273,2.089542943163191,-0.19000746328674323,0.6215045341749614
09/06/2023,22900.0,32400.0,0.0,70817.4727859244,0.0,41006.46387762536,0.0,1107.53,0.0,0.0,2290000.0,2280000.0,0.0043859649122807015,0.005638688119711022,-0.030646799864545216,2.089542943163191,-0.19000746328674323,0.6215045341749614
08/06/2023,22800.0,31750.0,0.0,70424.04237933426,0.0,40263.59315520462,0.0,1101.32,0.0,0.0,2280000.0,2260000.0,0.008849557522123894,-0.007408475584476437,-0.034879783271250187,2.089542943163191,-0.19000746328674323,0.6215045341749614
07/06/2023,22600.0,32600.0,0.0,70814.20327894276,0.0,41402.66159624977,0.0,1109.54,0.0,0.0,2260000.0,2175000.0,0.03908045977011494,0.0011097978002545528,-0.04334575008466024,2.089542943163191,-0.19000746328674323,0.6215045341749614
06/06/2023,21750.0,32700.0,0.0,71009.283728747,0.0,41402.66159624977,0.0,1108.31,0.0,0.0,2175000.0,2165000.0,0.004618937644341801,0.009555300504636488,-0.07932610904165305,2.089542943163191,-0.19000746328674323,0.6215045341749614
05/06/2023,21650.0,31900.0,0.0,71887.14575286613,0.0,40808.36501831317,0.0,1097.82,0.0,0.0,2165000.0,2160000.0,0.0023148148148148147,0.006398738586777197,-0.08355909244835802,2.089542943163191,-0.19000746328674323,0.6215045341749614
02/06/2023,21600.0,32200.0,0.0,71204.36417855126,0.0,40412.16729968876,0.0,1090.84,0.0,0.0,2160000.0,2140000.0,0.009345794392523364,0.011544988362280684,-0.08567558415171062,2.089542943163191,-0.19000746328674323,0.6215045341749614
01/06/2023,21400.0,30300.0,0.0,68570.77810619389,0.0,38926.42585484726,0.0,1078.39,0.0,0.0,2140000.0,2120000.0,0.009433962264150943,0.0029948752290336333,-0.09414155096512056,2.089542943163191,-0.19000746328674323,0.6215045341749614
31/05/2023,21200.0,29950.0,0.0,69156.01945560663,0.0,38827.37642519117,0.0,1075.17,0.0,0.0,2120000.0,2135000.0,-0.00702576112412178,-0.0026714901906218502,-0.10260751777853072,2.089542943163191,-0.19000746328674323,0.6215045341749614
30/05/2023,21350.0,30200.0,0.0,69351.09990541088,0.0,39025.47528450337,0.0,1078.05,0.0,0.0,2135000.0,2145000.0,-0.004662004662004662,0.002855867085899133,-0.09625804266847315,2.089542943163191,-0.19000746328674323,0.6215045341749614
29/05/2023,21450.0,30200.0,0.0,69643.72058011725,0.0,38332.12927691067,0.0,1074.98,0.0,0.0,2145000.0,2110000.0,0.016587677725118485,0.010547491915469775,-0.09202505926176818,2.089542943163191,-0.19000746328674323,0.6215045341749614
26/05/2023,21100.0,29900.0,0.0,70228.96192953,0.0,37836.88212863017,0.0,1063.76,0.0,0.0,2110000.0,2120000.0,-0.0047169811320754715,-0.0008171853132075135,-0.10684050118523569,2.089542943163191,-0.19000746328674323,0.6215045341749614
25/05/2023,21200.0,29800.0,0.0,69448.64013031301,0.0,37638.78326931797,0.0,1064.63,0.0,0.0,2120000.0,2130000.0,-0.004694835680751174,0.0026747285244730357,-0.10260751777853061,2.089542943163191,-0.19000746328674323,0.6215045341749614
24/05/2023,21300.0,29800.0,0.0,69741.26080501938,0.0,37589.25855448992,0.0,1061.79,0.0,0.0,2130000.0,2170000.0,-0.018433179723502304,-0.0038091663930196473,-0.09837453437182564,2.089542943163191,-0.19000746328674323,0.6215045341749614
23/05/2023,21700.0,30350.0,0.0,70424.04237933426,0.0,37886.40684345822,0.0,1065.85,0.0,0.0,2170000.0,2190000.0,-0.0091324200913242,-0.004473959500859492,-0.08144260074500542,2.089542943163191,-0.19000746328674323,0.6215045341749614
22/05/2023,21900.0,30500.0,0.0,70326.50215443214,0.0,38183.55513242652,0.0,1070.64,0.0,0.0,2190000.0,2180000.0,0.0045871559633027525,0.0033456099412412232,-0.07297663393159537,2.089542943163191,-0.19000746328674323,0.6215045341749614
19/05/2023,21800.0,29650.0,0.0,70716.66305404063,0.0,37935.93155828627,0.0,1067.07,0.0,0.0,2180000.0,2195000.0,-0.00683371298405467,-0.0011607117784163679,-0.07720961733830045,2.089542943163191,-0.19000746328674323,0.6215045341749614
18/05/2023,21950.0,29550.0,0.0,71692.06530306189,0.0,37737.83269897407,0.0,1068.31,0.0,0.0,2195000.0,2180000.0,0.006880733944954129,0.007421447700954209,-0.07086014222824288,2.089542943163191,-0.19000746328674323,0.6215045341749614
17/05/2023,21800.0,29250.0,0.0,72765.00777698527,0.0,37787.35741380212,0.0,1060.44,0.0,0.0,2180000.0,2200000.0,-0.00909090909090909,-0.005131765346042427,-0.07720961733830045,2.089542943163191,-0.19000746328674323,0.6215045341749614
16/05/2023,22000.0,29800.0,0.0,72667.46755208314,0.0,38084.50570277042,0.0,1065.91,0.0,0.0,2200000.0,2210000.0,-0.004524886877828055,0.0001876683150201508,-0.0687436505248904,2.089542943163191,-0.19000746328674323,0.6215045341749614
15/05/2023,22100.0,29900.0,0.0,73350.249126398,0.0,38530.22813622287,0.0,1065.71,0.0,0.0,2210000.0,2235000.0,-0.011185682326621925,-0.0011153810104039819,-0.06451066711818532,2.089542943163191,-0.19000746328674323,0.6215045341749614
12/05/2023,22350.0,29300.0,0.0,73155.16867659376,0.0,38629.27756587897,0.0,1066.9,0.0,0.0,2235000.0,2175000.0,0.027586206896551724,0.009251551384894974,-0.05392820860142278,2.089542943163191,-0.19000746328674323,0.6215045341749614
11/05/2023,21750.0,29100.0,0.0,73155.16867659376,0.0,38332.12927691067,0.0,1057.12,0.0,0.0,2175000.0,2170000.0,0.002304147465437788,-0.0010772399977322378,-0.07932610904165305,2.089542943163191,-0.19000746328674323,0.6215045341749614
10/05/2023,21700.0,29300.0,0.0,73350.249126398,0.0,38629.27756587897,0.0,1058.26,0.0,0.0,2170000.0,2180000.0,-0.0045871559633027525,0.0042608918454691835,-0.08144260074500553,2.089542943163191,-0.19000746328674323,0.6215045341749614
09/05/2023,21800.0,29300.0,0.0,73740.4100260065,0.0,37589.25855448992,0.0,1053.77,0.0,0.0,2180000.0,2160000.0,0.009259259259259259,0.00031325941676785263,-0.07720961733830056,2.089542943163191,-0.19000746328674323,0.6215045341749614
08/05/2023,21600.0,29400.0,0.0,74033.03070071289,0.0,37490.20912483382,0.0,1053.44,0.0,0.0,2160000.0,2145000.0,0.006993006993006993,0.012621237900241278,-0.08567558415171073,2.089542943163191,-0.19000746328674323,0.6215045341749614
05/05/2023,21450.0,28700.0,0.0,74325.65137541926,0.0,37440.68441000577,0.0,1040.31,0.0,0.0,2145000.0,2130000.0,0.007042253521126761,-0.0002882924438549761,-0.0920250592617684,2.089542943163191,-0.19000746328674323,0.6215045341749614
04/05/2023,21300.0,29050.0,0.0,74228.11115051713,0.0,37539.73383966187,0.0,1040.61,0.0,0.0,2130000.0,2165000.0,-0.016166281755196306,-0.008111560164709486,-0.09837453437182597,2.089542943163191,-0.19000746328674323,0.6215045341749614
28/04/2023,21650.0,29500.0,0.0,75105.97317463625,0.0,38827.37642519117,0.0,1049.12,0.0,0.0,2165000.0,2170000.0,-0.002304147465437788,0.009128247549608837,-0.08355909244835835,2.089542943163191,-0.19000746328674323,0.6215045341749614
27/04/2023,21700.0,29900.0,0.0,73837.95025090863,0.0,38282.60456208262,0.0,1039.63,0.0,0.0,2170000.0,2200000.0,-0.013636363636363636,-0.0011241352805532179,-0.08144260074500576,2.089542943163191,-0.19000746328674323,0.6215045341749614
26/04/2023,22000.0,30000.0,0.0,73740.4100260065,0.0,38034.98098794237,0.0,1040.8,0.0,0.0,2200000.0,2105000.0,0.04513064133016627,0.005749625549596571,-0.06874365052489062,2.089542943163191,-0.19000746328674323,0.6215045341749614
25/04/2023,21050.0,29000.0,0.0,73642.86980110439,0.0,37341.63498034967,0.0,1034.85,0.0,0.0,2105000.0,2065000.0,0.01937046004842615,-0.0062514404240607835,-0.10895699288858851,2.089542943163191,-0.19000746328674323,0.6215045341749614
24/04/2023,20650.0,29500.0,0.0,74618.27205012564,0.0,38034.98098794237,0.0,1041.36,0.0,0.0,2065000.0,2070000.0,-0.0024154589371980675,-0.0014862260405981154,-0.12588892651540862,2.089542943163191,-0.19000746328674323,0.6215045341749614
21/04/2023,20700.0,28700.0,0.0,75105.97317463625,0.0,38926.42585484726,0.0,1042.91,0.0,0.0,2070000.0,2080000.0,-0.004807692307692308,-0.006042411246128143,-0.12377243481205613,2.089542943163191,-0.19000746328674323,0.6215045341749614
20/04/2023,20800.0,28850.0,0.0,75398.59384934264,0.0,40015.96958106437,0.0,1049.25,0.0,0.0,2080000.0,2080000.0,0.0,0.0002573928959559435,-0.11953945140535105,2.089542943163191,-0.19000746328674323,0.6215045341749614
19/04/2023,20800.0,29000.0,0.0,76081.3754236575,0.0,40115.01901072047,0.0,1048.98,0.0,0.0,2080000.0,2095000.0,-0.007159904534606206,-0.005725009952417981,-0.11953945140535105,2.089542943163191,-0.19000746328674323,0.6215045341749614
18/04/2023,20950.0,29150.0,0.0,76276.45587346176,0.0,39570.24714761192,0.0,1055.02,0.0,0.0,2095000.0,2085000.0,0.004796163069544364,0.0011482145737846672,-0.11318997629529348,2.089542943163191,-0.19000746328674323,0.6215045341749614
17/04/2023,20850.0,29450.0,0.0,76178.91564855963,0.0,39471.19771795582,0.0,1053.81,0.0,0.0,2085000.0,2065000.0,0.009685230024213076,0.0008737854856630811,-0.11742295970199845,2.089542943163191,-0.19000746328674323,0.6215045341749614
14/04/2023,20650.0,28900.0,0.0,75691.214524049,0.0,39619.77186243996,0.0,1052.89,0.0,0.0,2065000.0,2045000.0,0.009779951100244499,-0.010720661467631176,-0.12588892651540862,2.089542943163191,-0.19000746328674323,0.6215045341749614
13/04/2023,20450.0,30200.0,0.0,75105.97317463625,0.0,40659.79087382901,0.0,1064.3,0.0,0.0,2045000.0,2075000.0,-0.014457831325301205,-0.004815559399691471,-0.13435489332881878,2.089542943163191,-0.19000746328674323,0.6215045341749614
12/04/2023,20750.0,30700.0,0.0,75983.83519875539,0.0,40362.64258486072,0.0,1069.45,0.0,0.0,2075000.0,2080000.0,-0.002403846153846154,-9.350513343164835e-06,-0.12165594310870365,2.089542943163191,-0.19000746328674323,0.6215045341749614
11/04/2023,20800.0,30400.0,0.0,76666.61677307026,0.0,40313.11787003266,0.0,1069.46,0.0,0.0,2080000.0,2070000.0,0.004830917874396135,0.003857887079363742,-0.11953945140535116,2.089542943163191,-0.19000746328674323,0.6215045341749614
10/04/2023,20700.0,30200.0,0.0,75301.05362444051,0.0,40610.26615900097,0.0,1065.35,0.0,0.0,2070000.0,2120000.0,-0.02358490566037736,-0.00407587103046636,-0.12377243481205624,2.089542943163191,-0.19000746328674323,0.6215045341749614
07/04/2023,21200.0,29550.0,0.0,74618.27205012564,0.0,38629.27756587897,0.0,1069.71,0.0,0.0,2120000.0,2150000.0,-0.013953488372093023,-0.0011205423424938132,-0.10260751777853094,2.089542943163191,-0.19000746328674323,0.6215045341749614
06/04/2023,21500.0,29600.0,0.0,74910.89272483201,0.0,38728.32699553507,0.0,1070.91,0.0,0.0,2150000.0,2150000.0,0.0,-0.00920563255185669,-0.08990856755841581,2.089542943163191,-0.19000746328674323,0.6215045341749614
05/04/2023,21500.0,29500.0,0.0,75398.59384934264,0.0,39372.14828829972,0.0,1080.86,0.0,0.0,2150000.0,2110000.0,0.018957345971563982,0.0022346886735591376,-0.08990856755841581,2.089542943163191,-0.19000746328674323,0.6215045341749614
04/04/2023,21100.0,29500.0,0.0,74715.81227502775,0.0,39421.67300312777,0.0,1078.45,0.0,0.0,2110000.0,2100000.0,0.004761904761904762,-0.0007690312059891458,-0.10684050118523591,2.089542943163191,-0.19000746328674323,0.6215045341749614
03/04/2023,21000.0,29300.0,0.0,74910.89272483201,0.0,38629.27756587897,0.0,1079.28,0.0,0.0,2100000.0,2080000.0,0.009615384615384616,0.013751127141568897,-0.111073484591941,2.089542943163191,-0.19000746328674323,0.6215045341749614
31/03/2023,20800.0,28350.0,0.0,75788.75474895113,0.0,38183.55513242652,0.0,1064.64,0.0,0.0,2080000.0,2080000.0,0.0,0.0049082534168995995,-0.11953945140535105,2.089542943163191,-0.19000746328674323,0.6215045341749614
30/03/2023,20800.0,27700.0,0.0,75788.75474895113,0.0,38233.07984725456,0.0,1059.44,0.0,0.0,2080000.0,2080000.0,0.0,0.002944155708916929,-0.11953945140535105,2.089542943163191,-0.19000746328674323,0.6215045341749614
29/03/2023,20800.0,28000.0,0.0,75105.97317463625,0.0,38332.12927691067,0.0,1056.33,0.0,0.0,2080000.0,2070000.0,0.004830917874396135,0.0019349514839370752,-0.11953945140535105,2.089542943163191,-0.19000746328674323,0.6215045341749614
28/03/2023,20700.0,27550.0,0.0,75886.29497385326,0.0,38728.32699553507,0.0,1054.29,0.0,0.0,2070000.0,2080000.0,-0.004807692307692308,0.0019387027797577172,-0.12377243481205613,2.089542943163191,-0.19000746328674323,0.6215045341749614
27/03/2023,20800.0,26500.0,0.0,76276.45587346176,0.0,37737.83269897407,0.0,1052.25,0.0,0.0,2080000.0,2040000.0,0.0196078431372549,0.005215945891726248,-0.11953945140535105,2.089542943163191,-0.19000746328674323,0.6215045341749614
24/03/2023,20400.0,26450.0,0.0,77056.77767267876,0.0,37589.25855448992,0.0,1046.79,0.0,0.0,2040000.0,2040000.0,0.0,0.0016170701368289908,-0.13647138503217116,2.089542943163191,-0.19000746328674323,0.6215045341749614
23/03/2023,20400.0,26200.0,0.0,76569.07654816813,0.0,37440.68441000577,0.0,1045.1,0.0,0.0,2040000.0,2030000.0,0.0049261083743842365,0.004382339938877822,-0.13647138503217116,2.089542943163191,-0.19000746328674323,0.6215045341749614
22/03/2023,20300.0,26200.0,0.0,76959.23744777663,0.0,37589.25855448992,0.0,1040.54,0.0,0.0,2030000.0,2045000.0,-0.007334963325183374,0.007855254109237375,-0.14070436843887624,2.089542943163191,-0.19000746328674323,0.6215045341749614
21/03/2023,20450.0,26350.0,0.0,77056.77767267876,0.0,38134.03041759847,0.0,1032.43,0.0,0.0,2045000.0,2000000.0,0.0225,0.009119343172710348,-0.13435489332881867,2.089542943163191,-0.19000746328674323,0.6215045341749614
20/03/2023,20000.0,26250.0,0.0,78032.17992170001,0.0,37737.83269897407,0.0,1023.1,0.0,0.0,2000000.0,2040000.0,-0.0196078431372549,-0.021088083893067044,-0.15340331865899137,2.089542943163191,-0.19000746328674323,0.6215045341749614
17/03/2023,20400.0,26650.0,0.0,77056.77767267876,0.0,39025.47528450337,0.0,1045.14,0.0,0.0,2040000.0,2085000.0,-0.02158273381294964,-0.002157723887721952,-0.13647138503217116,2.089542943163191,-0.19000746328674323,0.6215045341749614
16/03/2023,20850.0,26750.0,0.0,78519.88104621063,0.0,39025.47528450337,0.0,1047.4,0.0,0.0,2085000.0,2130000.0,-0.02112676056338028,-0.013924062550014549,-0.11742295970199845,2.089542943163191,-0.19000746328674323,0.6215045341749614
15/03/2023,21300.0,27200.0,0.0,78812.501720917,0.0,39619.77186243996,0.0,1062.19,0.0,0.0,2130000.0,2030000.0,0.04926108374384237,0.021208887350619543,-0.09837453437182575,2.089542943163191,-0.19000746328674323,0.6215045341749614
14/03/2023,20300.0,26300.0,0.0,78714.96149601489,0.0,38233.07984725456,0.0,1040.13,0.0,0.0,2030000.0,2110000.0,-0.037914691943127965,-0.01203457446808498,-0.14070436843887613,2.089542943163191,-0.19000746328674323,0.6215045341749614
13/03/2023,21100.0,26750.0,0.0,78227.26037150426,0.0,39025.47528450337,0.0,1052.8,0.0,0.0,2110000.0,2130000.0,-0.009389671361502348,-0.00018993352326690527,-0.1068405011852358,2.089542943163191,-0.19000746328674323,0.6215045341749614
10/03/2023,21300.0,27150.0,0.0,77056.77767267876,0.0,39372.14828829972,0.0,1053.0,0.0,0.0,2130000.0,2120000.0,0.0047169811320754715,-0.002793692883185761,-0.09837453437182564,2.089542943163191,-0.19000746328674323,0.6215045341749614
09/03/2023,21200.0,27800.0,0.0,77934.63969679788,0.0,39619.77186243996,0.0,1055.95,0.0,0.0,2120000.0,2120000.0,0.0,0.006452658266455691,-0.10260751777853072,2.089542943163191,-0.19000746328674323,0.6215045341749614
08/03/2023,21200.0,27300.0,0.0,78032.17992170001,0.0,39025.47528450337,0.0,1049.18,0.0,0.0,2120000.0,2110000.0,0.004739336492890996,0.010926539736375585,-0.10260751777853072,2.089542943163191,-0.19000746328674323,0.6215045341749614
07/03/2023,21100.0,27100.0,0.0,77349.39834738514,0.0,39322.62357347167,0.0,1037.84,0.0,0.0,2110000.0,2040000.0,0.03431372549019608,0.010377927919157148,-0.10684050118523569,2.089542943163191,-0.19000746328674323,0.6215045341749614
06/03/2023,20400.0,27200.0,0.0,76569.07654816813,0.0,39025.47528450337,0.0,1027.18,0.0,0.0,2040000.0,2035000.0,0.002457002457002457,0.0023517472213276935,-0.13647138503217104,2.089542943163191,-0.19000746328674323,0.6215045341749614
03/03/2023,20350.0,26800.0,0.0,77446.93857228725,0.0,39025.47528450337,0.0,1024.77,0.0,0.0,2035000.0,2060000.0,-0.012135922330097087,-0.012374591609564223,-0.13858787673552364,2.089542943163191,-0.19000746328674323,0.6215045341749614
02/03/2023,20600.0,27200.0,0.0,78324.80059640638,0.0,39916.92015140827,0.0,1037.61,0.0,0.0,2060000.0,2090000.0,-0.014354066985645933,-0.0028254288597376886,-0.128005418218761,2.089542943163191,-0.19000746328674323,0.6215045341749614
01/03/2023,20900.0,27300.0,0.0,75691.214524049,0.0,40412.16729968876,0.0,1040.55,0.0,0.0,2090000.0,2000000.0,0.045,0.015487762033024932,-0.11530646799864586,2.089542943163191,-0.19000746328674323,0.6215045341749614
28/02/2023,20000.0,26500.0,0.0,75008.43294973414,0.0,39619.77186243996,0.0,1024.68,0.0,0.0,2000000.0,2010000.0,-0.004975124378109453,0.0033586291309670724,-0.15340331865899115,2.089542943163191,-0.19000746328674323,0.6215045341749614
27/02/2023,20100.0,27000.0,0.0,74228.11115051713,0.0,40115.01901072047,0.0,1021.25,0.0,0.0,2010000.0,2080000.0,-0.03365384615384615,-0.017613220978106026,-0.14917033525228618,2.089542943163191,-0.19000746328674323,0.6215045341749614
24/02/2023,20800.0,27250.0,0.0,79007.58217072126,0.0,41699.80988521806,0.0,1039.56,0.0,0.0,2080000.0,2150000.0,-0.03255813953488372,-0.01338192585843645,-0.11953945140535083,2.089542943163191,-0.19000746328674323,0.6215045341749614
23/02/2023,21500.0,27950.0,0.0,80080.52464464464,0.0,42591.25475212296,0.0,1053.66,0.0,0.0,2150000.0,2120000.0,0.014150943396226415,-0.0005880790681791481,-0.08990856755841548,2.089542943163191,-0.19000746328674323,0.6215045341749614
22/02/2023,21200.0,27500.0,0.0,80958.38666876376,0.0,42591.25475212296,0.0,1054.28,0.0,0.0,2120000.0,2160000.0,-0.018518518518518517,-0.02582630309638434,-0.10260751777853061,2.089542943163191,-0.19000746328674323,0.6215045341749614
21/02/2023,21600.0,28400.0,0.0,82421.49004229564,0.0,44076.99619696446,0.0,1082.23,0.0,0.0,2160000.0,2190000.0,-0.0136986301369863,-0.00410420635139741,-0.0856755841517105,2.089542943163191,-0.19000746328674323,0.6215045341749614
20/02/2023,21900.0,28600.0,0.0,82421.49004229564,0.0,43878.89733765226,0.0,1086.69,0.0,0.0,2190000.0,2100000.0,0.04285714285714286,0.025847013622074755,-0.07297663393159537,2.089542943163191,-0.19000746328674323,0.6215045341749614
17/02/2023,21000.0,27800.0,0.0,80958.38666876376,0.0,42838.87832626321,0.0,1059.31,0.0,0.0,2100000.0,2130000.0,-0.014084507042253521,0.0009638189910137207,-0.11107348459194077,2.089542943163191,-0.19000746328674323,0.6215045341749614
16/02/2023,21300.0,27900.0,0.0,80568.22576915527,0.0,42888.40304109127,0.0,1058.29,0.0,0.0,2130000.0,2080000.0,0.02403846153846154,0.009626025567639696,-0.09837453437182564,2.089542943163191,-0.19000746328674323,0.6215045341749614
15/02/2023,20800.0,27400.0,0.0,79982.98441974251,0.0,42343.63117798272,0.0,1048.2,0.0,0.0,2080000.0,2060000.0,0.009708737864077669,0.009204344142339949,-0.11953945140535083,2.089542943163191,-0.19000746328674323,0.6215045341749614
14/02/2023,20600.0,26850.0,0.0,80080.52464464464,0.0,42096.00760384247,0.0,1038.64,0.0,0.0,2060000.0,2020000.0,0.019801980198019802,-0.004848136437673567,-0.12800541821876088,2.089542943163191,-0.19000746328674323,0.6215045341749614
13/02/2023,20200.0,26600.0,0.0,81446.08779327439,0.0,42096.00760384247,0.0,1043.7,0.0,0.0,2020000.0,2050000.0,-0.014634146341463415,-0.010992134937932274,-0.1449373518455811,2.089542943163191,-0.19000746328674323,0.6215045341749614
10/02/2023,20500.0,26950.0,0.0,81251.00734347013,0.0,41699.80988521806,0.0,1055.3,0.0,0.0,2050000.0,2060000.0,-0.0048543689320388345,-0.008204655883762735,-0.13223840162546596,2.089542943163191,-0.19000746328674323,0.6215045341749614
09/02/2023,20600.0,27300.0,0.0,80860.84644386164,0.0,43581.74904868397,0.0,1064.03,0.0,0.0,2060000.0,2085000.0,-0.011990407673860911,-0.007638357799705342,-0.12800541821876088,2.089542943163191,-0.19000746328674323,0.6215045341749614
08/02/2023,20850.0,27850.0,0.0,80860.84644386164,0.0,44076.99619696446,0.0,1072.22,0.0,0.0,2085000.0,1975000.0,0.05569620253164557,0.005985889064024752,-0.11742295970199823,2.089542943163191,-0.19000746328674323,0.6215045341749614
07/02/2023,19750.0,27400.0,0.0,81055.92689366588,0.0,45265.58935283766,0.0,1065.84,0.0,0.0,1975000.0,2115000.0,-0.06619385342789598,-0.0215277841529804,-0.1639857771757538,2.089542943163191,-0.19000746328674323,0.6215045341749614
06/02/2023,21150.0,27950.0,0.0,81738.70846798076,0.0,46701.80608285111,0.0,1089.29,0.0,0.0,2115000.0,2110000.0,0.002369668246445498,0.011270482291231287,-0.1047240094818832,2.089542943163191,-0.19000746328674323,0.6215045341749614
03/02/2023,21100.0,27100.0,0.0,80080.52464464464,0.0,47345.62737561576,0.0,1077.15,0.0,0.0,2110000.0,2130000.0,-0.009389671361502348,-0.00040831856271850153,-0.1068405011852358,2.089542943163191,-0.19000746328674323,0.6215045341749614
02/02/2023,21300.0,28000.0,0.0,83396.89229131688,0.0,49425.66539839386,0.0,1077.59,0.0,0.0,2130000.0,2110000.0,0.009478672985781991,0.0015056181863806195,-0.09837453437182564,2.089542943163191,-0.19000746328674323,0.6215045341749614
01/02/2023,21100.0,28200.0,0.0,84567.37499014239,0.0,46652.28136802306,0.0,1075.97,0.0,0.0,2110000.0,2210000.0,-0.04524886877828054,-0.03168703540380502,-0.1068405011852358,2.089542943163191,-0.19000746328674323,0.6215045341749614
31/01/2023,22100.0,29400.0,0.0,87981.28286171675,0.0,46057.98479008646,0.0,1111.18,0.0,0.0,2210000.0,2175000.0,0.016091954022988506,0.007809027998222362,-0.06451066711818543,2.089542943163191,-0.19000746328674323,0.6215045341749614
30/01/2023,21750.0,28700.0,0.0,89932.08735975926,0.0,45760.83650111816,0.0,1102.57,0.0,0.0,2175000.0,2150000.0,0.011627906976744186,-0.013006892847551632,-0.07932610904165305,2.089542943163191,-0.19000746328674323,0.6215045341749614
27/01/2023,21500.0,29050.0,0.0,91687.8114079975,0.0,45463.68821214986,0.0,1117.1,0.0,0.0,2150000.0,2115000.0,0.016548463356973995,0.008140206483286283,-0.0899085675584157,2.089542943163191,-0.19000746328674323,0.6215045341749614
19/01/2023,21150.0,29100.0,0.0,86713.25993798913,0.0,45166.53992318156,0.0,1108.08,0.0,0.0,2115000.0,2170000.0,-0.02534562211981567,0.008923043304075451,-0.10472400948188332,2.089542943163191,-0.19000746328674323,0.6215045341749614
18/01/2023,21700.0,29100.0,0.0,86323.09903838063,0.0,44522.71863041692,0.0,1098.28,0.0,0.0,2170000.0,2165000.0,0.0023094688221709007,0.009179538542116505,-0.08144260074500564,2.089542943163191,-0.19000746328674323,0.6215045341749614
17/01/2023,21650.0,29000.0,0.0,85835.39791387001,0.0,42640.77946695101,0.0,1088.29,0.0,0.0,2165000.0,2025000.0,0.0691358024691358,0.020259121760977994,-0.08355909244835824,2.089542943163191,-0.19000746328674323,0.6215045341749614
16/01/2023,20250.0,28100.0,0.0,85347.69678935938,0.0,41501.71102590587,0.0,1066.68,0.0,0.0,2025000.0,1995000.0,0.015037593984962405,0.0061405246328418706,-0.14282086014222883,2.089542943163191,-0.19000746328674323,0.6215045341749614
13/01/2023,19950.0,27800.0,0.0,84177.21409053389,0.0,41650.28517039002,0.0,1060.17,0.0,0.0,1995000.0,2005000.0,-0.004987531172069825,0.0035782239513815206,-0.15551981036234408,2.089542943163191,-0.19000746328674323,0.6215045341749614
12/01/2023,20050.0,27850.0,0.0,83884.5934158275,0.0,41699.80988521806,0.0,1056.39,0.0,0.0,2005000.0,2020000.0,-0.007425742574257425,0.0005967265287565304,-0.151286826955639,2.089542943163191,-0.19000746328674323,0.6215045341749614
11/01/2023,20200.0,27650.0,0.0,84664.91521504452,0.0,42145.53231867051,0.0,1055.76,0.0,0.0,2020000.0,1980000.0,0.020202020202020204,0.0022879384819860515,-0.14493735184558143,2.089542943163191,-0.19000746328674323,0.6215045341749614
10/01/2023,19800.0,27450.0,0.0,85835.39791387001,0.0,41798.85931487416,0.0,1053.35,0.0,0.0,1980000.0,1960000.0,0.01020408163265306,-0.0008157767427743323,-0.16186928547240154,2.089542943163191,-0.19000746328674323,0.6215045341749614
09/01/2023,19600.0,27750.0,0.0,86030.47836367426,0.0,41600.76045556196,0.0,1054.21,0.0,0.0,1960000.0,1940000.0,0.010309278350515464,0.0026344822338888463,-0.1703352522858116,2.089542943163191,-0.19000746328674323,0.6215045341749614
06/01/2023,19400.0,27700.0,0.0,86030.47836367426,0.0,42739.82889660711,0.0,1051.44,0.0,0.0,1940000.0,1980000.0,-0.020202020202020204,-0.004148434392225786,-0.17880121909922164,2.089542943163191,-0.19000746328674323,0.6215045341749614
05/01/2023,19800.0,27650.0,0.0,86713.25993415243,0.0,43185.55133005956,0.0,1055.82,0.0,0.0,1980000.0,1940000.0,0.020618556701030927,0.009050508911931932,-0.16186928547240143,2.089542943163191,-0.19000746328674323,0.6215045341749614
04/01/2023,19400.0,27300.0,0.0,86228.82831440856,0.0,43086.50190040346,0.0,1046.35,0.0,0.0,1940000.0,1925000.0,0.007792207792207792,0.002346968100392477,-0.17880121909922153,2.089542943163191,-0.19000746328674323,0.6215045341749614
03/01/2023,19250.0,27450.0,0.0,86713.25993415243,0.0,43532.22433385591,0.0,1043.9,0.0,0.0,1925000.0,1800000.0,0.06944444444444445,0.03655085444200634,-0.185150694209279,2.089542943163191,-0.19000746328674323,0.6215045341749614
30/12/2022,18000.0,25850.0,0.0,87100.80522994752,0.0,42492.20532246686,0.0,1007.09,0.0,0.0,1800000.0,1800000.0,0.0,-0.0021797501213723924,-0.238062986793092,-0.4428910891926801,-0.48728813559322026,-0.23806298679309235
29/12/2022,18000.0,25950.0,0.0,83322.23859594535,0.0,42492.20532246686,0.0,1009.29,0.0,0.0,1800000.0,1820000.0,-0.01098901098901099,-0.006271783864679081,-0.238062986793092,-0.4428910891926801,-0.48728813559322026,-0.23806298679309235
28/12/2022,18200.0,26150.0,0.0,79931.21725973656,0.0,42591.25475212296,0.0,1015.66,0.0,0.0,1820000.0,1825000.0,-0.0027397260273972603,0.011039549259882264,-0.22959701997968196,-0.4428910891926801,-0.48728813559322026,-0.23806298679309235
27/12/2022,18250.0,26300.0,0.0,78477.92240046861,0.0,43383.65018937177,0.0,1004.57,0.0,0.0,1825000.0,1710000.0,0.06725146198830409,0.019650632859999462,-0.22748052827632947,-0.4428910891926801,-0.48728813559322026,-0.23806298679309235
26/12/2022,17100.0,25700.0,0.0,78477.92240046861,0.0,42195.05703349857,0.0,985.21,0.0,0.0,1710000.0,1835000.0,-0.0681198910081744,-0.034429699903953614,-0.2761598374534374,-0.4428910891926801,-0.48728813559322026,-0.23806298679309235
23/12/2022,18350.0,27600.0,0.0,78913.910858249,0.0,45364.63878249376,0.0,1020.34,0.0,0.0,1835000.0,1890000.0,-0.0291005291005291,-0.002219810093779584,-0.2232475448696244,-0.4428910891926801,-0.48728813559322026,-0.23806298679309235
22/12/2022,18900.0,27700.0,0.0,79204.56983010258,0.0,46057.98479008646,0.0,1022.61,0.0,0.0,1890000.0,1890000.0,0.0,0.0036608825376884813,-0.19996613613274672,-0.4428910891926801,-0.48728813559322026,-0.23806298679309235
21/12/2022,18900.0,27700.0,0.0,79640.55828788297,0.0,45958.93536043036,0.0,1018.88,0.0,0.0,1890000.0,1900000.0,-0.005263157894736842,-0.004153919834234188,-0.19996613613274672,-0.4428910891926801,-0.48728813559322026,-0.23806298679309235
20/12/2022,19000.0,27700.0,0.0,80294.54097455354,0.0,46057.98479008646,0.0,1023.13,0.0,0.0,1900000.0,2000000.0,-0.05,-0.014705315870570224,-0.19573315272604164,-0.4428910891926801,-0.48728813559322026,-0.23806298679309235
19/12/2022,20000.0,29250.0,0.0,81384.51211900449,0.0,46701.80608285111,0.0,1038.4,0.0,0.0,2000000.0,2040000.0,-0.0196078431372549,-0.013377926421404562,-0.15340331865899115,-0.4428910891926801,-0.48728813559322026,-0.23806298679309235
16/12/2022,20400.0,29150.0,0.0,82038.49480567506,0.0,47395.15209044381,0.0,1052.48,0.0,0.0,2040000.0,1935000.0,0.05426356589147287,-0.002691126861994353,-0.13647138503217093,-0.4428910891926801,-0.48728813559322026,-0.23806298679309235
15/12/2022,19350.0,29500.0,0.0,82111.15954863846,0.0,46553.23193836696,0.0,1055.32,0.0,0.0,1935000.0,1920000.0,0.0078125,0.004655236426986953,-0.18091771080257402,-0.4428910891926801,-0.48728813559322026,-0.23806298679309235
14/12/2022,19200.0,28800.0,0.0,82111.15954863846,0.0,46008.46007525841,0.0,1050.43,0.0,0.0,1920000.0,1900000.0,0.010526315789473684,0.002845004534822726,-0.18726718591263158,-0.4428910891926801,-0.48728813559322026,-0.23806298679309235
13/12/2022,19000.0,28800.0,0.0,81747.83583382147,0.0,45958.93536043036,0.0,1047.45,0.0,0.0,1900000.0,1860000.0,0.021505376344086023,0.014902089974517363,-0.19573315272604175,-0.4428910891926801,-0.48728813559322026,-0.23806298679309235
12/12/2022,18600.0,27200.0,0.0,81239.1826330777,0.0,45463.68821214986,0.0,1032.07,0.0,0.0,1860000.0,1920000.0,-0.03125,-0.01876764814938059,-0.21266508635286185,-0.4428910891926801,-0.48728813559322026,-0.23806298679309235
09/12/2022,19200.0,28250.0,0.0,81311.8473760411,0.0,45760.83650111816,0.0,1051.81,0.0,0.0,1920000.0,1890000.0,0.015873015873015872,0.0012184326006872137,-0.18726718591263158,-0.4428910891926801,-0.48728813559322026,-0.23806298679309235
08/12/2022,18900.0,28200.0,0.0,80657.86468937053,0.0,45562.73764180596,0.0,1050.53,0.0,0.0,1890000.0,1825000.0,0.03561643835616438,0.00913527117634616,-0.19996613613274672,-0.4428910891926801,-0.48728813559322026,-0.23806298679309235
07/12/2022,18250.0,26400.0,0.0,78986.57560121239,0.0,44423.66920076081,0.0,1041.02,0.0,0.0,1825000.0,1860000.0,-0.01881720430107527,-0.007313886849307338,-0.22748052827632947,-0.4428910891926801,-0.48728813559322026,-0.23806298679309235
06/12/2022,18600.0,27050.0,0.0,80730.52943233392,0.0,43928.42205248032,0.0,1048.69,0.0,0.0,1860000.0,2000000.0,-0.07,-0.041127579617252,-0.21266508635286185,-0.4428910891926801,-0.48728813559322026,-0.23806298679309235
05/12/2022,20000.0,29000.0,0.0,83491.789664943,0.0,47147.52851630356,0.0,1093.67,0.0,0.0,2000000.0,1945000.0,0.028277634961439587,0.01264803103674983,-0.15340331865899115,-0.4428910891926801,-0.48728813559322026,-0.23806298679309235
02/12/2022,19450.0,28800.0,0.0,83564.45440790639,0.0,46553.23193836696,0.0,1080.01,0.0,0.0,1945000.0,1820000.0,0.06868131868131869,0.042199019570000385,-0.17668472739586882,-0.4428910891926801,-0.48728813559322026,-0.23806298679309235
01/12/2022,18200.0,27400.0,0.0,81384.51211900449,0.0,43631.27376351201,0.0,1036.28,0.0,0.0,1820000.0,1840000.0,-0.010869565217391304,-0.011579328894908647,-0.22959701997968185,-0.4428910891926801,-0.48728813559322026,-0.23806298679309235
30/11/2022,18400.0,25900.0,0.0,82474.48326345545,0.0,43680.79847834006,0.0,1048.42,0.0,0.0,1840000.0,1740000.0,0.05747126436781609,0.0157533715702991,-0.22113105316627168,-0.4428910891926801,-0.48728813559322026,-0.23806298679309235
29/11/2022,17400.0,25200.0,0.0,81965.83006271167,0.0,42393.15589281076,0.0,1032.16,0.0,0.0,1740000.0,1635000.0,0.06422018348623854,0.026320237846652494,-0.26346088723332217,-0.4428910891926801,-0.48728813559322026,-0.23806298679309235
28/11/2022,16350.0,24600.0,0.0,79204.56983010258,0.0,39768.34600692412,0.0,1005.69,0.0,0.0,1635000.0,1530000.0,0.06862745098039216,0.03523562472978825,-0.30790721300372514,-0.4428910891926801,-0.48728813559322026,-0.23806298679309235
25/11/2022,15300.0,23000.0,0.0,77169.95702712747,0.0,37440.68441000577,0.0,971.46,0.0,0.0,1530000.0,1435000.0,0.06620209059233449,0.025060408774836285,-0.3523535387741281,-0.4428910891926801,-0.48728813559322026,-0.23806298679309235
24/11/2022,14350.0,22150.0,0.0,77024.62754120068,0.0,37341.63498034967,0.0,947.71,0.0,0.0,1435000.0,1380000.0,0.03985507246376811,0.0018076109936575602,-0.392566881137826,-0.4428910891926801,-0.48728813559322026,-0.23806298679309235
23/11/2022,13800.0,22000.0,0.0,76806.63331231049,0.0,40115.01901072047,0.0,946.0,0.0,0.0,1380000.0,1480000.0,-0.06756756756756757,-0.006427761206570626,-0.4158482898747037,-0.4428910891926801,-0.48728813559322026,-0.23806298679309235
22/11/2022,14800.0,21850.0,0.0,74844.68525229878,0.0,39817.87072175217,0.0,952.12,0.0,0.0,1480000.0,1495000.0,-0.010033444816053512,-0.008879404569822502,-0.3735184558076532,-0.4428910891926801,-0.48728813559322026,-0.23806298679309235
21/11/2022,14950.0,22250.0,0.0,74190.7025656282,0.0,40263.59315520462,0.0,960.65,0.0,0.0,1495000.0,1510000.0,-0.009933774834437087,-0.008954638771110024,-0.3671689806975956,-0.4428910891926801,-0.48728813559322026,-0.23806298679309235
18/11/2022,15100.0,22700.0,0.0,72737.40770636026,0.0,41749.33460004612,0.0,969.33,0.0,0.0,1510000.0,1425000.0,0.05964912280701754,7.222004415741168e-05,-0.36081950558753806,-0.4428910891926801,-0.48728813559322026,-0.23806298679309235
17/11/2022,14250.0,22950.0,0.0,72664.74296339687,0.0,41402.66159624977,0.0,969.26,0.0,0.0,1425000.0,1335000.0,0.06741573033707865,0.027956305016438643,-0.396799864544531,-0.4428910891926801,-0.48728813559322026,-0.23806298679309235
16/11/2022,13350.0,22100.0,0.0,70484.80067449497,0.0,40065.49429589241,0.0,942.9,0.0,0.0,1335000.0,1250000.0,0.068,0.03399495558723542,-0.4348967152048764,-0.4428910891926801,-0.48728813559322026,-0.23806298679309235
15/11/2022,12500.0,20700.0,0.0,68377.52312855645,0.0,37490.20912483382,0.0,911.9,0.0,0.0,1250000.0,1220000.0,0.02459016393442623,-0.03096574003230468,-0.4708770741618693,-0.4428910891926801,-0.48728813559322026,-0.23806298679309235
14/11/2022,12200.0,22200.0,0.0,70194.14170264137,0.0,40263.59315520462,0.0,941.04,0.0,0.0,1220000.0,1230000.0,-0.008130081300813009,-0.014132609766062898,-0.48357602438198444,-0.4428910891926801,-0.48728813559322026,-0.23806298679309235
11/11/2022,12300.0,22800.0,0.0,70630.13016042176,0.0,42591.25475212296,0.0,954.53,0.0,0.0,1230000.0,1210000.0,0.01652892561983471,0.007696043241417039,-0.47934304097527936,-0.4428910891926801,-0.48728813559322026,-0.23806298679309235
10/11/2022,12100.0,22750.0,0.0,70484.80067449497,0.0,41947.43345935831,0.0,947.24,0.0,0.0,1210000.0,1300000.0,-0.06923076923076923,-0.03891070323359613,-0.4878090077886894,-0.4428910891926801,-0.48728813559322026,-0.23806298679309235
09/11/2022,13000.0,24350.0,0.0,70702.79490338515,0.0,45067.49049352546,0.0,985.59,0.0,0.0,1300000.0,1315000.0,-0.011406844106463879,0.004013650486425879,-0.449712157128344,-0.4428910891926801,-0.48728813559322026,-0.23806298679309235
08/11/2022,13150.0,24150.0,0.0,70412.13593153156,0.0,44176.04562662057,0.0,981.65,0.0,0.0,1315000.0,1370000.0,-0.040145985401459854,0.006624350126641865,-0.44336268201828644,-0.4428910891926801,-0.48728813559322026,-0.23806298679309235
07/11/2022,13700.0,23750.0,0.0,69394.82953004401,0.0,42442.68060763882,0.0,975.19,0.0,0.0,1370000.0,1465000.0,-0.06484641638225255,-0.02202276487990762,-0.42008127328140865,-0.4428910891926801,-0.48728813559322026,-0.23806298679309235
04/11/2022,14650.0,25500.0,0.0,68958.84107226363,0.0,45612.26235663401,0.0,997.15,0.0,0.0,1465000.0,1520000.0,-0.03618421052631579,-0.022219825261568293,-0.37986793091771076,-0.4428910891926801,-0.48728813559322026,-0.23806298679309235
03/11/2022,15200.0,25850.0,0.0,74118.0378226648,0.0,49029.46767976946,0.0,1019.81,0.0,0.0,1520000.0,1535000.0,-0.009771986970684038,-0.003303394286496286,-0.356586522180833,-0.4428910891926801,-0.48728813559322026,-0.23806298679309235
02/11/2022,15350.0,25200.0,0.0,73464.05513599423,0.0,47543.72623492796,0.0,1023.19,0.0,0.0,1535000.0,1500000.0,0.023333333333333334,-0.010215235792019328,-0.3502370470707754,-0.4428910891926801,-0.48728813559322026,-0.23806298679309235
01/11/2022,15000.0,25650.0,0.0,73827.37885081122,0.0,49623.76425770606,0.0,1033.75,0.0,0.0,1500000.0,1565000.0,-0.04153354632587859,0.00565208086075053,-0.36505248899424314,-0.4428910891926801,-0.48728813559322026,-0.23806298679309235
31/10/2022,15650.0,24600.0,0.0,75062.67948118897,0.0,51109.50570254755,0.0,1027.94,0.0,0.0,1565000.0,1680000.0,-0.06845238095238096,0.0005645538078182799,-0.3375380968506604,-0.4428910891926801,-0.48728813559322026,-0.23806298679309235
28/10/2022,16800.0,24400.0,0.0,75353.33845304255,0.0,52694.29657704516,0.0,1027.36,0.0,0.0,1680000.0,1740000.0,-0.034482758620689655,-0.0006322895691677211,-0.28885878767355233,-0.4428910891926801,-0.48728813559322026,-0.23806298679309235
27/10/2022,17400.0,22850.0,0.0,74699.35576394931,0.0,52793.34600670126,0.0,1028.01,0.0,0.0,1740000.0,1690000.0,0.029585798816568046,0.034881613916404985,-0.26346088723332206,-0.4428910891926801,-0.48728813559322026,-0.23806298679309235
26/10/2022,16900.0,21400.0,0.0,74555.14851343975,0.0,51406.65399151586,0.0,993.36,0.0,0.0,1690000.0,1710000.0,-0.011695906432748537,-0.004350005011526492,-0.28462580426684725,-0.4428910891926801,-0.48728813559322026,-0.23806298679309235
25/10/2022,17100.0,21300.0,0.0,73257.28325885377,0.0,51505.70342117196,0.0,997.7,0.0,0.0,1710000.0,1640000.0,0.042682926829268296,0.01171221416620205,-0.2761598374534372,-0.4428910891926801,-0.48728813559322026,-0.23806298679309235
24/10/2022,16400.0,21300.0,0.0,73185.179633599,0.0,50119.01140598656,0.0,986.15,0.0,0.0,1640000.0,1690000.0,-0.029585798816568046,-0.03301563020925269,-0.30579072130037255,-0.4428910891926801,-0.48728813559322026,-0.23806298679309235
21/10/2022,16900.0,22900.0,0.0,75492.49564175186,0.0,53882.88973291835,0.0,1019.82,0.0,0.0,1690000.0,1810000.0,-0.06629834254143646,-0.036496764136236926,-0.28462580426684725,-0.4428910891926801,-0.48728813559322026,-0.23806298679309235
20/10/2022,18100.0,24600.0,0.0,77583.5007741404,0.0,57844.86691916235,0.0,1058.45,0.0,0.0,1810000.0,1840000.0,-0.016304347826086956,-0.001528200967860549,-0.2338300033863867,-0.4428910891926801,-0.48728813559322026,-0.23806298679309235
19/10/2022,18400.0,25200.0,0.0,77511.39714888563,0.0,58439.16349709895,0.0,1060.07,0.0,0.0,1840000.0,1885000.0,-0.023872679045092837,-0.0033751386721322385,-0.22113105316627157,-0.4428910891926801,-0.48728813559322026,-0.23806298679309235
18/10/2022,18850.0,25300.0,0.0,76429.84277006397,0.0,58439.16349709895,0.0,1063.66,0.0,0.0,1885000.0,1925000.0,-0.02077922077922078,0.01148747598851263,-0.20208262783609887,-0.4428910891926801,-0.48728813559322026,-0.23806298679309235
17/10/2022,19250.0,25100.0,0.0,75708.80651751619,0.0,58340.11406744285,0.0,1051.58,0.0,0.0,1925000.0,1945000.0,-0.010282776349614395,-0.009671799218345378,-0.18515069420927865,-0.4428910891926801,-0.48728813559322026,-0.23806298679309235
14/10/2022,19450.0,25700.0,0.0,75780.91014277097,0.0,59330.60836400385,0.0,1061.85,0.0,0.0,1945000.0,1950000.0,-0.002564102564102564,0.01033311449205021,-0.1766847273958686,-0.4428910891926801,-0.48728813559322026,-0.23806298679309235
13/10/2022,19500.0,25300.0,0.0,75348.28839124231,0.0,57052.47148191356,0.0,1050.99,0.0,0.0,1950000.0,1870000.0,0.0427807486631016,0.01563572056706075,-0.17456823569251612,-0.4428910891926801,-0.48728813559322026,-0.23806298679309235
12/10/2022,18700.0,24800.0,0.0,75708.80651751619,0.0,56953.42205225745,0.0,1034.81,0.0,0.0,1870000.0,1750000.0,0.06857142857142857,0.028433710991850436,-0.20843210294615644,-0.4428910891926801,-0.48728813559322026,-0.23806298679309235
11/10/2022,17500.0,24000.0,0.0,75420.39201649708,0.0,54873.38402947936,0.0,1006.2,0.0,0.0,1750000.0,1835000.0,-0.04632152588555858,-0.034801626889724435,-0.259227903826617,-0.4428910891926801,-0.48728813559322026,-0.23806298679309235
10/10/2022,18350.0,25800.0,0.0,75708.80651751619,0.0,56557.22433363305,0.0,1042.48,0.0,0.0,1835000.0,1760000.0,0.04261363636363636,0.00634224980934639,-0.22324754486962406,-0.4428910891926801,-0.48728813559322026,-0.23806298679309235
07/10/2022,17600.0,27250.0,0.0,74266.73401242065,0.0,53486.69201429396,0.0,1035.91,0.0,0.0,1760000.0,1800000.0,-0.022222222222222223,-0.035932323269925126,-0.254994920419912,-0.4428910891926801,-0.48728813559322026,-0.23806298679309235
06/10/2022,18000.0,29300.0,0.0,74122.5267619111,0.0,57448.66920053795,0.0,1074.52,0.0,0.0,1800000.0,1920000.0,-0.0625,-0.026932063101081316,-0.2380629867930918,-0.4428910891926801,-0.48728813559322026,-0.23806298679309235
05/10/2022,19200.0,30500.0,0.0,73834.11226089198,0.0,61608.74524609415,0.0,1104.26,0.0,0.0,1920000.0,1885000.0,0.01856763925729443,0.02422690930676885,-0.18726718591263125,-0.4428910891926801,-0.48728813559322026,-0.23806298679309235
04/10/2022,18850.0,30300.0,0.0,71022.07087595567,0.0,60420.15209022095,0.0,1078.14,0.0,0.0,1885000.0,1975000.0,-0.04556962025316456,-0.007639630352343385,-0.20208262783609887,-0.4428910891926801,-0.48728813559322026,-0.23806298679309235
03/10/2022,19750.0,30250.0,0.0,71815.21075375822,0.0,59033.46007503555,0.0,1086.44,0.0,0.0,1975000.0,2120000.0,-0.06839622641509434,-0.04034060294494335,-0.16398577717575347,-0.4428910891926801,-0.48728813559322026,-0.23806298679309235
30/09/2022,21200.0,32500.0,0.0,77150.87902261174,0.0,63391.63497990395,0.0,1132.11,0.0,0.0,2120000.0,2165000.0,-0.020785219399538105,0.005363787331160497,-0.10260751777853028,-0.4428910891926801,-0.48728813559322026,-0.23806298679309235
29/09/2022,21650.0,33000.0,0.0,80035.02403280283,0.0,63391.63497990395,0.0,1126.07,0.0,0.0,2165000.0,2180000.0,-0.006880733944954129,-0.015346006540634116,-0.08355909244835757,-0.4428910891926801,-0.48728813559322026,-0.23806298679309235
28/09/2022,21800.0,33250.0,0.0,80035.02403280283,0.0,64382.12927646495,0.0,1143.62,0.0,0.0,2180000.0,2240000.0,-0.026785714285714284,-0.01964784748058368,-0.07720961733830001,-0.4428910891926801,-0.48728813559322026,-0.23806298679309235
27/09/2022,22400.0,33500.0,0.0,80107.12765805761,0.0,66462.16729924304,0.0,1166.54,0.0,0.0,2240000.0,2240000.0,0.0,-0.006650487503725433,-0.05181171689806974,-0.4428910891926801,-0.48728813559322026,-0.23806298679309235
26/09/2022,22400.0,33250.0,0.0,80107.12765805761,0.0,67353.61216614794,0.0,1174.35,0.0,0.0,2240000.0,2270000.0,-0.013215859030837005,-0.02404261684728415,-0.05181171689806974,-0.4428910891926801,-0.48728813559322026,-0.23806298679309235
23/09/2022,22700.0,34200.0,0.0,82126.02916519137,0.0,68740.30418133334,0.0,1203.28,0.0,0.0,2270000.0,2300000.0,-0.013043478260869565,-0.009401498312340606,-0.0391127666779546,-0.4428910891926801,-0.48728813559322026,-0.23806298679309235
22/09/2022,23000.0,34550.0,0.0,82198.13279044615,0.0,69433.65018892604,0.0,1214.7,0.0,0.0,2300000.0,2290000.0,0.004366812227074236,0.003428193796208401,-0.026413816457839467,-0.4428910891926801,-0.48728813559322026,-0.23806298679309235
21/09/2022,22900.0,34500.0,0.0,82126.02916519137,0.0,69334.60075926995,0.0,1210.55,0.0,0.0,2290000.0,2300000.0,-0.004347826086956522,-0.006874882068699684,-0.03064679986454444,-0.4428910891926801,-0.48728813559322026,-0.23806298679309235
20/09/2022,23000.0,35050.0,0.0,81477.09653789838,0.0,71018.44106342364,0.0,1218.93,0.0,0.0,2300000.0,2265000.0,0.01545253863134658,0.01119932306313931,-0.026413816457839467,-0.4428910891926801,-0.48728813559322026,-0.23806298679309235
19/09/2022,22650.0,35050.0,0.0,80756.06028535061,0.0,69829.84790755044,0.0,1205.43,0.0,0.0,2265000.0,2300000.0,-0.015217391304347827,-0.02317609782582264,-0.0412292583813072,-0.4428910891926801,-0.48728813559322026,-0.23806298679309235
16/09/2022,23000.0,36000.0,0.0,81621.30378840794,0.0,71315.58935239194,0.0,1234.03,0.0,0.0,2300000.0,2360000.0,-0.025423728813559324,-0.009336416036478723,-0.026413816457839467,-0.4428910891926801,-0.48728813559322026,-0.23806298679309235
15/09/2022,23600.0,36600.0,0.0,81166.61242963339,0.0,73197.52851585783,0.0,1245.66,0.0,2362400.0,2360000.0,0.0,-0.001015916017609211,0.0,-0.0010159160176091975,-0.4428910891926801,-0.48728813559322026,-0.23806298679309235
